nodeId:ID,:LABEL,login,name,password,roles
344,PERSON,ollie,Olliver,339f455efd4af00b3e62385f3b7ef694,ROLE_USER
8514,PERSON,tbaum,Thomas,0869be23594fdb98128fbfd6d7ff2241,ROLE_USER
44148,PERSON,emileifrem,Emil Eifrem,070dd3db4286e6565de3224092fbf606,ROLE_USER
44149,PERSON,testit,testit,fc2e30c41e45c128dd1870272d812115,ROLE_USER
44151,PERSON,jchidiac,Joseph,49036f03a6befed130c1483bb7940751,ROLE_USER
48448,PERSON,altairon,erik,1f87b8d5cbb878b0ba56eb4ef70cf8df,ROLE_USER
48449,PERSON,sardinha,Renato,e5f72a7a4049c9a8eddf9b95835e6943,ROLE_USER
48450,PERSON,jacosbr@tresco.be,raf jacobs,f866420f5d2863f23d3ca27374a3081f,ROLE_USER
48451,PERSON,hongyang321,hongyang321,9e3abf64ea17d669fb9bfcf7222dd447,ROLE_USER
48452,PERSON,presidentrodel,rodel hidalgo,ca3fcfd12b1b0cb86dd835fd8c99204e,ROLE_USER
48453,PERSON,presidentrodel@gmail.com,rodel hidalgo,ca3fcfd12b1b0cb86dd835fd8c99204e,ROLE_USER
48454,PERSON,mytest,test,0869be23594fdb98128fbfd6d7ff2241,ROLE_USER
48455,PERSON,pigmon,Seungbeom,5d891eeba1c1eda9951128fe4ed93924,ROLE_USER
48457,PERSON,mdo,mdo,5374b618f83598831ff4ee9f6506298c,ROLE_USER
48460,PERSON,adil.fulara@gmail.com,Adil,05729bf9b8fb4b12a53f52f39e0b9ba5,ROLE_USER
48461,PERSON,maheshksp,Mahesh,d6b3855cc2c35a25d11fb5718e8383e4,ROLE_USER
48462,PERSON,praneetn,praneet,25f620754cec22f63d607abfb6c69643,ROLE_USER
48463,PERSON,adilfulara,Adil,05729bf9b8fb4b12a53f52f39e0b9ba5,ROLE_USER
49552,PERSON,dym,Yuri,de235684469baa01bee77242be153394,ROLE_USER
49553,PERSON,a999,astrid,caf18aec57d3b2b145aa668a26c6a0fe,ROLE_USER
49554,PERSON,elmo,elmo,6737859927049c4fd6f885d9e42919d0,ROLE_USER
49555,PERSON,ntdat83,ntdat83,e5f72a7a4049c9a8eddf9b95835e6943,ROLE_USER
49556,PERSON,timber,Timothy Berkeley,3820a82e40ce650b0bb191540cf0c1b7,ROLE_USER
49557,PERSON,111,111,9346301c6e13d1bbc42b87e9b46f4151,ROLE_USER
49558,PERSON,pdurusau,Patrick Durusau,7e822815c7761e3fb4a4cbb500a5a8af,ROLE_USER
49559,PERSON,test,test,0869be23594fdb98128fbfd6d7ff2241,ROLE_USER
49566,PERSON,coco,coco,92b2eff862e2f3b9426f594900bc08dc,ROLE_USER
50648,PERSON,Hush,Hush,c65e6205e380a983cebf8fca26697f0e,ROLE_USER
50649,PERSON,Sangreal,Sangreal,67c0726fee300663a7142ab05872d63c,ROLE_USER
50650,PERSON,deuz,deuz,c65e6205e380a983cebf8fca26697f0e,ROLE_USER
50651,PERSON,testguy,test guy,0869be23594fdb98128fbfd6d7ff2241,ROLE_USER
50714,PERSON,ivan,ivan,75cca1e9faaa2e1668c64f6d1245177f,ROLE_USER
50716,PERSON,anodynos,Agelos Pikoulas,bffc3915294771da283bc99020043575,ROLE_USER
50717,PERSON,l0k0,roko,2363c632bfacc920da63bc8c5cda5b3f,ROLE_USER
50718,PERSON,dharmk,dharmk,96d58efd2f36b747650d8af4875cd292,ROLE_USER
50719,PERSON,sys1pal,sys1pal,172549316b6463f9ee794c3ae4ca69e2,ROLE_USER
51912,PERSON,guerreroje,Jorge Guerrero,450202862eb11334e58c3abba6bef5d7,ROLE_USER
51913,PERSON,sonicneo,assanai,391d6bd68090c70823a39277f4dade2e,ROLE_USER
51914,PERSON,preet,preet,645c1a8345bc5d91e7315ffdb87039d0,ROLE_USER
51915,PERSON,ldporras,ldporras,f50d88bf5f601f6d0bb17567bc50b796,ROLE_USER
51918,PERSON,testlogin,testlogin,ae314b6abf004812451e738bd4205952,ROLE_USER
65464,PERSON,paddydub,Patrick fitzgerald,339f455efd4af00b3e62385f3b7ef694,ROLE_USER
71540,PERSON,ubaggili,Ussama Baggili,573e053fc53dc2d321d54d1e9f9edb23,ROLE_USER
71541,PERSON,vlaube,Vitor,23e2c8c10c67be4dd141fca9849e7d7d,ROLE_USER
71542,PERSON,lucascaton,Caton,60ff2184bbd1dfc2947b0edd14838a26,ROLE_USER
