nodeId:ID,:LABEL,description,genre,homepage,id,imdbId,language,lastModified,releaseDate,runtime,tagline,title,version
883,MOVIE,No overview found.,Drama,,9,tt0425473,en,1299531623000,1094076000000,15,,Sunday in August,60
1502,MOVIE,"Las Hurdes – Tierra Sin Pan / Land Without Bread / Unpromised Land is a surrealist documentary filmed in Spain in 1932. It is the result of a two month trip through the Las Hurdes region. The film shows the contrasts between the village and the towns in the north of Extremadura, Salamanca and along the boarder of Portugal.",Documentary,,91,tt0023037,en,1299531658000,-1167613200000,29,,Land Without Bread,38
1506,MOVIE,Megacities is a documentary about the slums of five different metropolitan cities.,Documentary,,92,tt0169024,en,1299531712000,902008800000,94,,Megacities,46
1799,MOVIE,"Taking place in a 1982 Poland a translator looses her husband and becomes a victim of her own sorrow. She looks to sex, her son in law, and hypnotism when she has nothing else in this time of martial law when Solidarity was banned. ",Documentary,,124,tt0086961,en,1299912594000,487807200000,109,,No End,76
1806,MOVIE,A polish film by Oscar nominated director Krzysztof Kieślowski. His most famous films are ‘Three Colors’ and ‘The Decalogue’ and this one.,Drama,,126,tt0082631,en,1299531722000,365896800000,73,,Krótki dzień pracy,37
1811,MOVIE,Witek runs after a train. Three variations follow on how such a seemingly banal incident could influence the rest of Witek's life.,Drama,,127,tt0084549,en,1299911723000,347151600000,114,,Blind Chance,113
7375,MOVIE,La Sortie des usines Lumière is one of the first films in the history of cinema and a milestone. Three different versions of the film exist.,Documentary,,774,tt0000010,en,1299813121000,-2359846800000,1,,La Sortie des usines Lumière,105
9411,MOVIE,No overview found.,Drama,http://www.gespenster-der-film.de/,1115,tt0419773,en,1299912943000,1108422000000,85,,Gespenster,61
10060,MOVIE,"Artists Peter Fischli and David Weiss create the ultimate Rube Goldberg machine with a complex imaginative devices that trigger each other for 30 minutes in a domino effect. The film was creating in an empty warehouse and with objects probably found at a junkyard as the creative contraptions fly, burn, roll, walk, melt, pop, push and fall in an endless science project that will mesmerize the mind.",Documentary,http://icarusfilms.com/cat97/t-z/the_way_.html,1388,tt0094300,en,1299971828000,536454000000,30,,The Way Things Go,68
10283,MOVIE,No overview found.,Drama,http://www.maria-am-wasser-derfilm.de/,1426,tt0490174,en,1299910256000,1173308400000,100,,Maria am Wasser,112
10351,MOVIE,No overview found.,Animation,http://fairytales4you.net/,1438,tt0940833,en,1299532012000,1163977200000,23,,Regoch,28
10744,MOVIE,No overview found.,Documentary,,1564,tt0045673,en,1301905289000,-536461200000,5,,Daybreak Express,212
10781,MOVIE,No overview found.,Horror,,1569,tt1540987,en,1301904687000,915145200000,23,,Pig,143
11757,MOVIE,No overview found.,Crime,,1739,tt0051185,en,1301904271000,-410230800000,85,,Weißer Holunder,63
11816,MOVIE,No overview found.,Documentary,,1778,tt0309326,en,1300978033000,1015542000000,80,,The Backyard,102
12216,MOVIE,No overview found.,Drama,,1860,tt0096815,en,1301906175000,567990000000,98,,I skrzypce przestaly grac,55
12227,MOVIE,No overview found.,Action,,1862,tt0082059,en,1301904574000,347151600000,142,,Berlin Tunnel 21,77
12297,MOVIE,No overview found.,Action,,1877,tt0104115,en,1301904725000,752194800000,72,,Dr. Mordrid,59
12318,MOVIE,No overview found.,Documentary,,1881,tt0309093,en,1301906707000,883609200000,157,,Les yeux dans les bleus,43
12364,MOVIE,No overview found.,Comedy,,1889,tt0059248,en,1301904271000,-145674000000,80,,Feu a Volante,47
12521,MOVIE,No overview found.,Comedy,,1916,tt1218992,en,1301905721000,1356994800000,0,,Austin Powers 4,62
12863,MOVIE,No overview found.,Animation,,1983,tt0233263,en,1301905682000,-157770000000,90,,Les Aventures des Schtroumpfs,40
13855,MOVIE,No overview found.,Documentary,,2147,tt0130700,en,1301302605000,820450800000,52,,The Flickering Flame,34
13972,MOVIE,No overview found.,Comedy,,2173,tt0245724,en,1301907298000,946681200000,89,,Artie,152
15229,MOVIE,No overview found.,Comedy,,2380,tt0173904,en,1301421215000,94690800000,85,,Home Sweet Home,143
15269,MOVIE,No overview found.,Horror,,2386,tt0190718,en,1301903602000,220921200000,90,,Les Robots pensants,36
15374,MOVIE,No overview found.,Drama,,2398,tt0175445,en,1301903727000,221266800000,98,,Les Anneaux de Bicêtre,41
15398,MOVIE,No overview found.,Drama,,2402,tt0240886,en,1301907445000,951087600000,95,,Scénarios sur la Drogue,53
15470,MOVIE,No overview found.,Comedy,,2412,tt0932662,en,1301907343000,1156197600000,107,,Célimène et le cardinal,34
15537,MOVIE,No overview found.,Drama,,2415,tt0176007,en,1301908618000,252457200000,100,,La Passion de Camille et Lucile Desmoulins,34
15542,MOVIE,No overview found.,History,,2416,tt0358355,en,1301906181000,252457200000,100,,Amours sous la révolution: André Chénier et la jeune captive,31
15545,MOVIE,No overview found.,Drama,,2417,tt0174311,en,1301905719000,471049200000,95,,Une petite fille dans les tournesols,36
15580,MOVIE,No overview found.,Drama,,2431,tt0173986,en,1301905009000,385945200000,90,,Lise et Laura,37
15730,MOVIE,No overview found.,Drama,,2449,tt0193426,en,1301905009000,804981600000,90,,Porté disparu,38
15736,MOVIE,No overview found.,Comedy,,2452,tt0174004,en,1301417782000,193446000000,90,,Mamie Rose,38
15752,MOVIE,No overview found.,Comedy,,2456,tt0219164,en,1301419721000,90111600000,90,,La Mandragore,40
16453,MOVIE,No overview found.,Comedy,,2672,tt0174771,en,1301907432000,143852400000,95,,Il y a longtemps que je t'aime,56
16459,MOVIE,No overview found.,Comedy,,2674,tt0176298,en,1301935684000,281919600000,120,,Volpone,59
16929,MOVIE,"An organic looking figure speaks about life, politics and death.",Animation,,2763,tt0109055,en,1301417660000,757378800000,6,,Ah Pook Is Here,35
17139,MOVIE,No overview found.,Adventure,,2793,tt0175405,en,1301907431000,470790000000,220,,Voglia di Volare,38
17146,MOVIE,No overview found.,Comedy,,2796,tt0176164,en,1301905718000,-608400000,95,,Le Songe d'une nuit d'été,37
17153,MOVIE,No overview found.,Drama,,2797,tt0175971,en,1301903727000,343350000000,85,,Nous ne l'avons pas assez aimée,38
17174,MOVIE,No overview found.,Crime,,2803,tt0405533,en,1301905719000,1079305200000,90,,La Crim: Le Secret,52
17221,MOVIE,No overview found.,Comedy,,2815,tt0175987,en,1301906758000,136335600000,90,,Les oiseaux de la lune,39
17247,MOVIE,No overview found.,Drama,,2821,tt1319566,en,1301906761000,1177106400000,27,,Glastage,40
17258,MOVIE,No overview found.,Crime,,2825,tt1660417,en,1301906155000,1272492000000,90,,Un hombre de porvenir,38
17263,MOVIE,No overview found.,Drama,,2826,tt0175396,en,1301905652000,23583600000,360,,Mauregard,55
17298,MOVIE,No overview found.,Comedy,,2837,tt0174654,en,1301908617000,284770800000,95,,Fou comme François,35
17304,MOVIE,No overview found.,Crime,,2840,tt0175688,en,1301907443000,336348000000,90,,La grotte aux loups,48
17349,MOVIE,No overview found.,Drama,http://www.ijbiermann.com,2846,tt0448183,en,1301906758000,1041375600000,16,,Zwischen Flieder wandern und singen,52
17360,MOVIE,No overview found.,Drama,http://www.ijbiermann.com,2848,tt0411236,en,1301908615000,1075676400000,5,,Coda,60
17453,MOVIE,Portrait of the popular Dutch singer André Hazes.,Documentary,,2890,tt0222718,en,1301904270000,948927600000,86,,"André Hazes, zij gelooft in mij",37
17524,MOVIE,No overview found.,Drama,,2901,tt0324011,en,1301906757000,979167600000,109,,Atash,52
17534,MOVIE,No overview found.,Horror,,2904,tt1597526,en,1301906649000,1130623200000,87,,Colgado de la luna,53
17550,MOVIE,No overview found.,Drama,,2906,tt1650816,en,1301905009000,1149285600000,52,,Amiga de los amores mal entendidos,41
17715,MOVIE,No overview found.,Adventure,,2966,tt0118248,en,1301825316000,863301600000,158,,20.000 Leagues Under the Sea,85
17723,MOVIE,Little is known about this film which is now believed to be lost. It is a variation on the original legend of Alraune in which a Mad Scientist creates a beautiful but demonic child from the forced union between a woman and a Mandrake root.,Horror,,2967,tt0008826,en,1301905718000,-1640998800000,80,,Alraune,59
17858,MOVIE,No overview found.,Action,,2983,tt0104759,en,1301905651000,694220400000,99,,The Lost World,96
17873,MOVIE,No overview found.,Drama,,2985,tt0063696,en,1301907407000,-44758800000,99,,Tiger by the Tail,45
17901,MOVIE,No overview found.,Adventure,http://www.roarthemovie.com,2989,tt0083001,en,1301905009000,374367600000,102,,Roar,90
17947,MOVIE,No overview found.,Science Fiction,,2996,tt0938313,en,1301904893000,883609200000,45,,The Lost World,173
17954,MOVIE,A scientist discovers dinosaurs on a remote plateau in Mongolia.,Adventure,,2997,tt0138581,en,1301906492000,908229600000,97,,The Lost World,179
17974,MOVIE,No overview found.,Adventure,,3002,tt0191252,en,1301908409000,923090400000,92,,The Lost World,232
18078,MOVIE,Dr. Jekyll faces horrible consequences when he lets his dark side run wild with a potion that changes him into the animalistic Mr. Hyde,Drama,,3020,tt0211340,en,1301908389000,-1199235600000,10,,Dr. Jekyll and Mr. Hyde,102
18122,MOVIE,No overview found.,Horror,,3027,tt0070002,en,1301908041000,100306800000,90,,Dr. Jekyll and Mr. Hyde,295
18152,MOVIE,No overview found.,Action,,3032,tt0092564,en,1301907430000,559260000000,96,,Angel in Green,69
18247,MOVIE,No overview found.,Animation,,3058,tt0422273,en,1301908348000,694220400000,15,,Frankenstein,83
18312,MOVIE,No overview found.,Animation,,3066,tt0270954,en,1301907430000,347151600000,30,,Kyofu densetsu: Kaiki! Furankenshutain,48
18324,MOVIE,No overview found.,Horror,,3068,tt0070073,en,1301906095000,95986800000,180,,Frankenstein,592
18349,MOVIE,"Frankenstein is a 2007 British television film produced by Impossible Pictures for ITV. It was written and directed by Jed Mercurio, adapted from Mary Shelley's original novel to a present-day setting. Dr. Victoria Frankenstein, a female geneticist, accidentally creates a monster while growing her son's clone from stem cells as an organ donor in an effort to prevent his imminent death.",Drama,,3071,tt1020766,en,1301905203000,1193785200000,0,,Frankenstein,140
18654,MOVIE,No overview found.,Drama,,3102,tt0416040,en,1301907429000,1098309600000,120,,My Step Brother Frankenstein,55
18729,MOVIE,No overview found.,Comedy,,3113,tt0174202,en,1301908611000,62895600000,90,,Shéhérazade,55
18900,MOVIE,No overview found.,Animation,,3150,tt0091074,en,1301906757000,504918000000,12,,Frankenstein Punk,52
19028,MOVIE,"Bambi is nibbling the grass, unaware of the upcoming encounter with Godzilla. Who will win when they finally meet?",Animation,,3171,tt0064064,en,1301906156000,-31539600000,2,,Bambi Meets Godzilla,116
19046,MOVIE,No overview found.,Animation,,3174,tt0209930,en,1300978237000,978303600000,8,,Barcode,31
19155,MOVIE,No overview found.,Comedy,,3211,tt0071123,en,1301905342000,126226800000,60,,Allen and Rossi meet Dracula and Frankenstein,37
19158,MOVIE,No overview found.,Documentary,,3212,tt0305153,en,1301905287000,820450800000,60,,100 Years of Horror: The Frankenstein Family,55
19167,MOVIE,No overview found.,Documentary,,3213,tt0872069,en,1301906187000,820450800000,60,,100 Years of Horror: Baron Frankenstein,44
19193,MOVIE,No overview found.,Comedy,,3217,tt0113105,en,1301907288000,788914800000,83,,Monster Mash: The Movie,111
19227,MOVIE,No overview found.,Erotic,,3290,tt0175621,en,1301906087000,883609200000,82,,Lust for Frankenstein,95
19277,MOVIE,No overview found.,Documentary,,3305,tt0150633,en,1301907428000,662684400000,60,,Frankenstein: A Cinematic Scrapbook,45
19304,MOVIE,No overview found.,Horror,,3345,tt0202358,en,1301906768000,23756400000,83,,Flick,79
19330,MOVIE,No overview found.,Documentary,,3348,tt0880617,en,1301907428000,1104534000000,30,,The Making of Frankenstein vs. the Creature from Blood Cove,44
19337,MOVIE,No overview found.,Horror,,3349,tt0267506,en,1301906699000,946681200000,92,,Frankenstein & the Werewolf Reborn!,44
19383,MOVIE,No overview found.,Drama,,3399,tt0977614,en,1301906756000,1139180400000,10,,Lücken im Gedankenstrom,36
19385,MOVIE,No overview found.,Horror,http://www.ingolinosuperstars.com,3400,tt0950695,en,1301906756000,1139180400000,60,,Heißes Blut oder Vivienne del Vargos' letzter Vorhang,41
19421,MOVIE,No overview found.,Horror,,3408,tt0402861,en,1301907999000,883609200000,9,,Boy Frankenstein,63
19614,MOVIE,"Antinea, the Queen of Atlantis, rules her secret kingdom hidden beneath the Sahara Desert. One day two lost explorers stumble into her kingdom, and soon realize that they haven’t really been saved—Antinea has a habit of taking men as lovers, then when she’s done with them, she kills them and keeps them mummified.",Fantasy,,3474,tt0023002,en,1301906086000,-1184115600000,87,,Queen of Atlantis,91
19700,MOVIE,No overview found.,Horror,,3488,tt0035828,en,1301906086000,-823568400000,69,,Drums of Fu Manchu,91
20121,MOVIE,No overview found.,Horror,http://www.scifi.com/onair/scifipictures/shadowrealm/,3579,tt0328723,en,1301906086000,1027720800000,120,,Shadow Realm,120
20199,MOVIE,No overview found.,Adventure,,3590,tt0034260,en,1301907446000,-915156000000,75,,Tainstvennyy ostrov,50
20416,MOVIE,No overview found.,Adventure,,3689,tt0154409,en,1301908607000,-137811600000,92,,Diamond Walkers,49
20423,MOVIE,No overview found.,Thriller,,3691,tt0061112,en,1302018020000,-130726800000,92,,Train d'enfer,74
20426,MOVIE,No overview found.,Action,,3692,tt0060956,en,1301906754000,-122173200000,100,,New York chiama Superdrago,52
20539,MOVIE,No overview found.,Science Fiction,,3785,tt0210595,en,1301416901000,-1136077200000,10,,Buck Rogers in the 25th Century,60
20554,MOVIE,No overview found.,Comedy,,3845,tt0311247,en,1301417774000,-1696294800000,15,,Ham and the Masked Marvel,35
20909,MOVIE,"A tribute to the late, great French director Francois Truffaut, this documentary was undoubtedly named after his last movie, Vivement Dimanche!, released in 1983. Included in this overview of Truffaut's contribution to filmmaking are clips from 14 of his movies arranged according to the themes he favored. These include childhood, literature, the cinema itself, romance, marriage, and death.",Documentary,,4033,tt0176295,en,1301907447000,489967200000,67,,Vivement Truffaut,47
20930,MOVIE,No overview found.,Documentary,,4045,,en,1301908606000,1000504800000,0,,AlloCiné talkshow,23
21025,MOVIE,No overview found.,History,,4132,tt0175532,en,1301906754000,106268400000,90,,Le château perdu,41
21251,MOVIE,No overview found.,Documentary,,4225,tt0450892,en,1301903587000,1098741600000,300,,The 100 Scariest Movie Moments,88
21289,MOVIE,No overview found.,Horror,,4229,tt0985108,en,1301302613000,725842800000,7,,The Scary Movie,50
21404,MOVIE,No overview found.,Documentary,,4249,tt0299690,en,1301904959000,326930400000,78,,The Comeback,81
21596,MOVIE,No overview found.,Horror,,4288,tt0082379,en,1301904723000,420588000000,82,,The Final Terror,90
21839,MOVIE,No overview found.,Drama,,4367,tt0088888,en,1301906085000,473382000000,144,,Cat on a Hot Tin Roof,79
21905,MOVIE,No overview found.,Drama,,4383,tt0053432,en,1301906650000,-321670800000,101,,Die Wahrheit über Rosemarie,70
21924,MOVIE,No overview found.,Drama,,4385,tt0481423,en,1301908605000,788914800000,50,,Rosemarie Nitribitt - Tod einer Edelhure,35
22058,MOVIE,No overview found.,History,,4414,tt0068959,en,1301908605000,85878000000,245,,Les Misérables,172
22109,MOVIE,No overview found.,Drama,,4434,tt0486582,en,1301908604000,788914800000,55,,Frauenmörder Arved Imiela,39
22274,MOVIE,No overview found.,Crime,,4470,tt0110824,en,1301904478000,778716000000,90,,Das Phantom - Die Jagd nach Dagobert,52
22706,MOVIE,No overview found.,Drama,,4560,tt0091398,en,1301907424000,504918000000,109,,Lepota poroka,40
22929,MOVIE,"When a family move into a new house, they are confronted with an unexpected occupant.",Drama,,4634,tt1086727,en,1301908603000,1097272800000,13,,Wellcome,33
22931,MOVIE,No overview found.,Drama,,4635,tt1086724,en,1302058430000,1191880800000,0,,The Trap,203
23008,MOVIE,No overview found.,Comedy,,4654,tt0087191,en,1301906752000,441759600000,90,,Echt tu matsch,46
23070,MOVIE,No overview found.,Comedy,,4677,tt0405926,en,1301906752000,662338800000,230,,Fleur bleue,68
23426,MOVIE,No overview found.,Documentary,http://www.t-h-e-n-e-t.com,4805,tt0434231,en,1301906634000,1064959200000,121,,Das Netz,85
23524,MOVIE,No overview found.,Comedy,,4834,tt0122732,en,1300978343000,579391200000,92,,Starke Zeiten,46
23913,MOVIE,No overview found.,Drama,,4950,tt0176265,en,1301907422000,268268400000,90,,Ulysse est revenu,32
24038,MOVIE,No overview found.,Drama,,4979,tt0477038,en,1300978362000,1139526000000,88,,Montag kommen die Fenster,73
24173,MOVIE,No overview found.,Crime,,5034,tt0218124,en,1301908600000,33174000000,90,,Crime et châtiment,35
24396,MOVIE,No overview found.,Comedy,,5081,tt0080838,en,1301418661000,315529200000,79,,Febbre a 40!,42
24415,MOVIE,No overview found.,Comedy,,5084,tt0088081,en,1301907420000,441759600000,92,,Seifenblasen,33
24626,MOVIE,No overview found.,Comedy,,5181,tt0253394,en,1301418660000,915145200000,85,,Scandal: On the Other Side,123
24659,MOVIE,No overview found.,Erotic,,5186,tt0432025,en,1301417344000,1072911600000,83,,The Reunion,125
24676,MOVIE,No overview found.,Drama,,5188,tt0210601,en,1301905455000,852073200000,83,,Carnal Cruise,94
24747,MOVIE,No overview found.,Comedy,,5232,tt0266719,en,1301906082000,946681200000,80,,Scandal:  Lawful Entry,53
24818,MOVIE,No overview found.,Drama,,5243,tt0180846,en,1301907552000,993420000000,100,,Monsoon,449
24839,MOVIE,No overview found.,Erotic,,5245,tt0240500,en,1301908599000,946681200000,80,,Fast Lane to Malibu,60
24867,MOVIE,No overview found.,Drama,,5249,tt0867415,en,1301907283000,1160949600000,18,,Room 10,105
24873,MOVIE,No overview found.,Drama,,5252,tt0341470,en,1301906750000,1036710000000,112,,Ardor,51
25461,MOVIE,No overview found.,Comedy,,5507,tt0060413,en,1301906082000,-96771600000,94,,Finders Keepers,266
25488,MOVIE,No overview found.,Comedy,,5513,tt0846779,en,1301525585000,1104534000000,90,,Finders Keepers,59
25493,MOVIE,No overview found.,Comedy,,5514,tt0231588,en,1301908338000,-1546304400000,35,,Finders Keepers,80
25545,MOVIE,No overview found.,Drama,,5522,tt0453324,en,1301908338000,-220928400000,90,,Zi mei qing chou,49
25576,MOVIE,No overview found.,Action,,5525,tt0472179,en,1301904269000,1167606000000,90,,Sister's Keeper,95
25746,MOVIE,No overview found.,Crime,,5619,tt0374173,en,1301419375000,17276400000,60,,Allô police: Retour à l'envoyeur,44
26007,MOVIE,No overview found.,Documentary,,5669,tt0199437,en,1301906749000,599612400000,60,,Cult People,51
26013,MOVIE,No overview found.,Documentary,,5673,tt0228933,en,1301908597000,94690800000,45,,That's Sexploitation,47
26062,MOVIE,No overview found.,Thriller,,5679,tt0206874,en,1301906748000,166316400000,120,,The Last Tango in Acapulco,34
26119,MOVIE,No overview found.,Documentary,,5692,tt0270999,en,1301905282000,815266800000,60,,Hunks in Hedonism,56
26132,MOVIE,No overview found.,Comedy,,5694,tt0928145,en,1301903727000,1163977200000,97,,The League of Gentlemen Are Behind You,38
26215,MOVIE,No overview found.,Erotic,,5710,tt0162846,en,1301908336000,441759600000,85,,All the Way In!,108
26619,MOVIE,No overview found.,Adventure,,5766,tt0097041,en,1301905838000,608335200000,190,,Champagne Charlie,81
26674,MOVIE,No overview found.,Documentary,,5777,tt0495195,en,1301906748000,915145200000,66,,Slaves of Sin,33
26693,MOVIE,No overview found.,Documentary,,5799,tt0495692,en,1301907315000,378687600000,74,,Famous T & A,73
26723,MOVIE,No overview found.,Thriller,,5803,tt0207568,en,1301908596000,-63162000000,90,,The Kill,79
26729,MOVIE,No overview found.,Crime,http://www.scorsesefilmfreixenet.com/video_eng.htm,5804,tt1151319,en,1301907418000,1167606000000,9,,The Key to Reserva,81
26832,MOVIE,No overview found.,Comedy,http://www.lariotmovie.com/,5834,tt0388193,en,1301907136000,1114380000000,80,,The L.A. Riot Spectacular,81
26868,MOVIE,No overview found.,Action,,5843,tt0384991,en,1301907114000,820450800000,50,,Heat After Dark,54
27043,MOVIE,No overview found.,Comedy,,5883,tt1125218,en,1301907417000,703807200000,25,,Heidi und Erni: Wahnsinnig romantisch,36
27093,MOVIE,No overview found.,Crime,,5892,tt0364464,en,1301907417000,505609200000,79,,Kokain - Das Tagebuch der Inga L.,43
27226,MOVIE,No overview found.,Crime,,5913,tt0141939,en,1301907280000,-3600000,88,,Unter den Dächern von St. Pauli,62
27280,MOVIE,No overview found.,Drama,http://www.tv-asahi.co.jp/koto/,5929,tt0756312,en,1301025578000,1107558000000,141,,Koto,79
27300,MOVIE,No overview found.,Erotic,,5933,tt0067784,en,1301908596000,63068400000,90,,St. Pauli Nachrichten: Thema Nr. 1,49
27392,MOVIE,No overview found.,Documentary,,5954,tt0109088,en,1301906747000,757378800000,60,,Also schlafwandle ich am hellichten Tage,44
27472,MOVIE,No overview found.,Action,,5965,tt0303017,en,1301907280000,1009839600000,91,,Scorcher,96
27920,MOVIE,No overview found.,Comedy,,6078,tt0076770,en,1301901910000,243385200000,56,,The Strange Case of the End of Civilization as we know it,111
28173,MOVIE,No overview found.,Comedy,,6156,tt1016235,en,1301904681000,1178834400000,89,,Sehnsucht nach Rimini,55
28335,MOVIE,No overview found.,Drama,,6180,tt0293272,en,1301906175000,946681200000,62,,Ich werde dich auf Händen tragen,47
28429,MOVIE,No overview found.,Comedy,,6200,tt0345176,en,1301907686000,1090792800000,24,,Die Eisblumen Farm,64
28443,MOVIE,No overview found.,Comedy,,6204,tt0312488,en,1301905646000,1017010800000,90,,Bis dass dein Tod uns scheidet,53
28790,MOVIE,No overview found.,Comedy,,6366,tt0095204,en,1301908332000,567990000000,105,,Geierwally,50
29005,MOVIE,No overview found.,Adventure,,6442,tt0365066,en,1301905006000,1009839600000,77,,Clubhouse Detectives in Big Trouble,47
29169,MOVIE,No overview found.,Drama,,6485,tt0389155,en,1301908591000,946681200000,7,,Melissa,78
29172,MOVIE,No overview found.,Drama,,6486,tt0989682,en,1301905281000,1122847200000,15,,Melissa,133
29405,MOVIE,No overview found.,Comedy,,6580,tt0874254,en,1301904476000,1170111600000,90,,Der Butler und die Prinzessin,31
29413,MOVIE,No overview found.,Comedy,,6582,tt1068293,en,1301908591000,1167606000000,91,,Ein Teufel für Familie Engel,35
29590,MOVIE,No overview found.,Drama,,6630,tt0048635,en,1301302610000,-473389200000,90,,Sohn ohne Heimat,49
29598,MOVIE,No overview found.,Drama,,6632,tt0181982,en,1301908591000,-1164157200000,90,,Die blonde Christl,47
29633,MOVIE,"A man visits a school to enroll his son, but then he pulls out a gun and robs the school from their money. The movie follows the man and is shot with an unsteady handycam.",Drama,,6636,tt1006823,en,1302018102000,1175378400000,67,,El Asaltante,122
29829,MOVIE,No overview found.,Drama,,6720,tt0171885,en,1301906627000,-284000400000,90,,Verdammt die jungen Sünder nicht,56
29913,MOVIE,No overview found.,Comedy,,6881,tt0051230,en,1301906627000,-410230800000,87,,Zwei Bayern im Urwald,55
30044,MOVIE,No overview found.,Drama,,6955,tt0091888,en,1301906627000,516837600000,90,,Samaritan: The Mitch Snyder Story,87
30050,MOVIE,No overview found.,Drama,,6956,tt0076903,en,1301906627000,242434800000,90,,Waldrausch,70
30163,MOVIE,No overview found.,Comedy,,6979,tt0086841,en,1301907277000,441759600000,102,,A tu per tu,84
30180,MOVIE,No overview found.,Drama,,6981,tt1137465,en,1301904857000,1202857200000,90,,Mitte 30,40
30198,MOVIE,No overview found.,Comedy,,6984,tt0079302,en,1301906627000,349657200000,90,,Home Movies,111
30362,MOVIE,No overview found.,Action,,7193,tt0097379,en,1301908037000,609544800000,91,,The Forgotten,91
30493,MOVIE,No overview found.,Drama,,7272,tt0822028,en,1301906108000,1104534000000,10,,Space Riders,99
30546,MOVIE,No overview found.,Horror,,7282,,en,1300978518000,1104534000000,90,,Password,48
31246,MOVIE,No overview found.,Comedy,,7867,tt0800187,en,1300978544000,1144447200000,23,,Rundweltmädchen gesucht!,34
31319,MOVIE,"A still camera acts as a time ""window"". Through it, the reality become both a Return to the past and the present.",History,,7915,,en,1301421335000,734133600000,5,,Return 1993,110
31407,MOVIE,This movie has been shot on a new digital media format.,Documentary,,7986,,en,1301907276000,1170802800000,115,,Jump,72
31478,MOVIE,No overview found.,Documentary,,8015,tt0104475,en,1301904475000,702079200000,90,,Ich bin meine eigene Frau,38
31486,MOVIE,No overview found.,Drama,,8017,tt0253250,en,1300978554000,-1798765200000,0,,Mohini Bhasmasur,29
31491,MOVIE,No overview found.,History,,8044,,en,1301414581000,1291676400000,0,,The last night of Pompeii,321
31559,MOVIE,This film is in pre-production,Action,,8061,,en,1300978557000,1228604400000,0,,Iceberg,198
32258,MOVIE,"Weil er seinen Vater, einem Bundeswehroffizier, bei seinem nächsten Einsatz in Somalia nicht begleiten kann, muss der 15-jährige Tim zu seiner Oma auf die Nordseeinsel Amrum umziehen. Dort hat der coole Skater aus Berlin, der Probleme magisch anzuziehen scheint, gleich seinen Ruf als Freak und schwieriger Außenseiter weg. Nur der dicke Eric, der unter den Hänseleien und Angriffen der Surferclique um den reichen Lars zu leiden hat, hält zu ihm. Als Tim sich auch noch in die hübsche Vic, Lars Freu",Comedy,http://www.jetzt-ist-sommer.de/,8352,tt1209359,en,1301905712000,1208383200000,104,,Sommer,72
32869,MOVIE,No overview found.,Road Movie,,8651,tt0404532,en,1301907413000,1076367600000,89,,Unterwegs,55
33011,MOVIE,No overview found.,Drama,,8701,tt0126078,en,1301903726000,874965600000,96,,Steel Chariots,44
33038,MOVIE,No overview found.,Drama,,8705,tt0060910,en,1301906740000,-89427600000,86,,Romance pro křídlovku,37
33315,MOVIE,No overview found.,Drama,,8846,tt0433770,en,1301906739000,1098914400000,88,,Allein,62
33777,MOVIE,No overview found.,Drama,,8972,tt0464129,en,1301906168000,1159653600000,180,,"Neger, Neger, Schornsteinfeger",41
33800,MOVIE,No overview found.,Documentary,,8977,tt0070712,en,1301907361000,94690800000,90,,La Société du spectacle,32
34106,MOVIE,No overview found.,Comedy,,9076,tt0114019,en,1301906168000,809820000000,104,,Nur über meine Leiche,40
34127,MOVIE,No overview found.,Documentary,,9082,tt0311320,en,1301903726000,1013295600000,90,,Im toten Winkel - Hitlers Sekretärin,49
34131,MOVIE,No overview found.,Science Fiction,,9083,tt0760314,en,1301908440000,1262300400000,0,,Jennifer Government,33
34158,MOVIE,No overview found.,Action,,9097,tt0309320,en,1301908324000,1013727600000,115,,Baader,68
34212,MOVIE,No overview found.,Thriller,,9265,tt1110627,en,1301904719000,1211061600000,90,,Die dunkle Seite,37
34257,MOVIE,"Flat-dwelling urban family win a pig in a raffle, and decide to keep it. They lose their flat (no pets allowed) but eventually Rudi the pig makes good.",Comedy,,9284,tt0114267,en,1301907410000,795308400000,101,,Rennschwein Rudi Rüssel,45
34491,MOVIE,No overview found.,Crime,,9365,,en,1301905002000,1293836400000,0,,Queen of the South,48
34497,MOVIE,No overview found.,Adventure,,9368,tt0057343,en,1301908601000,-198032400000,98,,La máscara de Scaramouche,41
34505,MOVIE,No overview found.,Action,,9370,tt0058357,en,1301906167000,-166237200000,100,,Gibraltar,88
34607,MOVIE,No overview found.,Comedy,,9402,tt0119020,en,1301907409000,866066400000,82,,Die Drei Mädels von der Tankstelle,35
34633,MOVIE,No overview found.,Horror,,9412,tt0130892,en,1301905335000,895701600000,96,,Sieben Monde,51
34649,MOVIE,No overview found.,Comedy,,9419,tt0168023,en,1301907410000,912034800000,92,,Kai Rabe gegen die Vatikankiller,33
34650,MOVIE,No overview found.,Comedy,,9420,tt0140329,en,1301906737000,914454000000,94,,Liebe Deine Nächste!,40
34675,MOVIE,No overview found.,Comedy,,9432,tt0120625,en,1301905710000,886633200000,126,,Der Campus,39
34764,MOVIE,No overview found.,Drama,,9468,tt0443432,en,1301905334000,1135292400000,89,,Margarete Steiff,43
34870,MOVIE,No overview found.,Comedy,http://www.bobbyewing.de/index2.php,9512,tt0442903,en,1302045243000,1106089200000,92,,Am Tag als Bobby Ewing starb,59
34915,MOVIE,No overview found.,Comedy,,9525,tt0491175,en,1301908440000,1325372400000,0,,Suburbicon,64
34943,MOVIE,"Pirelli Film's first promotional short, starring John Malcovich and Naomi Campbell.",Short,,9537,tt0814040,en,1301905673000,1141167600000,11,,The Call,178
35149,MOVIE,No overview found.,Drama,,9608,tt0214874,en,1301903851000,940629600000,105,,The Legend of Sleepy Hollow,150
35203,MOVIE,No overview found.,Crime,,9633,tt0054395,en,1301904718000,-276570000000,98,,Die toten Augen von London,54
35260,MOVIE,No overview found.,Drama,,9653,tt0022183,en,1301904043000,-1202259600000,88,,Mädchen in Uniform,70
35868,MOVIE,No overview found.,Drama,,9765,tt0172515,en,1301907406000,939247200000,96,,Der Grosse Bagarozy,38
35943,MOVIE,"Impelled by a spirit which still preserves a patina of idealism, Alfredo arrives in Madrid intent on creating ""a performance which is freer...",Comedy,,9775,tt0376800,en,1301906621000,1064527200000,104,,Noviembre,59
36323,MOVIE,No overview found.,Comedy,,9832,tt0365407,en,1301906478000,1136070000000,85,,Kill the Poor,141
36429,MOVIE,No overview found.,History,,9868,tt0899242,en,1301905001000,1188424800000,119,,Franz + Polina,47
36493,MOVIE,No overview found.,Comedy,http://www.indiemoviesonline.com/watch-movies/stranger-than-fiction,9892,tt0178043,en,1301906072000,990223200000,90,,Stranger Than Fiction,172
36872,MOVIE,No overview found.,Comedy,,9943,tt0157990,en,1301903726000,904168800000,89,,Das merkwürdige Verhalten geschlechtsreifer Großstädter zur Paarungszeit,57
37567,MOVIE,No overview found.,Comedy,,10018,tt0119510,en,1301904042000,858812400000,115,,Das Leben ist eine Baustelle,65
37670,MOVIE,It seems innocent enough. Struggling young artist Daniel King is invited by his childhood friend Natasha...,Drama,,10031,tt0354502,en,1301904676000,1041375600000,92,,Devil's Harvest,135
37750,MOVIE,No overview found.,Drama,,10039,tt0788252,en,1301903368000,1144879200000,105,,Yeolliji,61
38326,MOVIE,No overview found.,Drama,,10099,tt0814111,en,1301903368000,1104534000000,87,,Fragile,99
38408,MOVIE,No overview found.,Drama,,10108,tt0381116,en,1301904676000,1066341600000,120,,D.C. Sniper: 23 Days of Fear,102
38444,MOVIE,"An artist with coulrophobia (""fear of clowns"") is stalked by a murderous clown resembling one of the ones she paints.",Horror,,10113,tt0362636,en,1301904442000,1072911600000,106,,Fear of Clowns,102
38519,MOVIE,"Selma's mother died giving birth to her, and Selma's step aunt is living proof that men only cause trouble...",Comedy,,10119,tt0425125,en,1301904472000,1093557600000,94,,Ikke naken,75
38601,MOVIE,"Iva and Maria, a young lesbian pair, rent a favorable, nice dwelling in a less good area of Zagreb, Croatia. But unfortunately, included in the rent are the neighbors, the neighbors from hell. The curious landlady, foreigners flogging nationalists, an old man, who live with his dead wife and a man, who beat his wife regularly, are just one part of this neighbourhood. When one of the neighbors falls in love with Iva, the situation escalates - with the result of three dead people at the end.",Drama,,10125,tt0329083,en,1301904717000,1086818400000,77,,Fine mrtve djevojke,72
38620,MOVIE,No overview found.,Drama,,10129,tt0095295,en,1301904478000,601167600000,111,,Herbstmilch,55
38676,MOVIE,No overview found.,Drama,,10148,tt0835802,en,1301904472000,1309471200000,0,,Keep Coming Back,53
38857,MOVIE,No overview found.,History,,10203,,en,1301903873000,1230764400000,0,,Mary Queen of Scots,50
38860,MOVIE,No overview found.,Comedy,,10205,tt0189456,en,1302021497000,951260400000,82,,Cut,145
38875,MOVIE,No overview found.,Drama,,10211,tt0136423,en,1301904042000,934408800000,101,,Nachtgestalten,58
38898,MOVIE,No overview found.,Drama,,10221,tt0140558,en,1301906161000,908402400000,93,,Solo für Klarinette,36
38905,MOVIE,No overview found.,Drama,,10224,tt0169272,en,1301904015000,924127200000,88,,Straight Shooter,69
39004,MOVIE,No overview found.,Horror,,10250,tt0478165,en,1301905197000,1152568800000,90,,The Butcher,353
39121,MOVIE,"René est inspecteur de police dans le 18ème arrondissement de Paris. Depuis des années, il tient son quartier à coups de combines. François jeune inspecteur fraîchement diplômé et droit comme la justice est le nouveau partenaire de René. La cohabitation s'annonce difficile...",Action,,10260,tt0088002,en,1301903266000,464392800000,107,,Les Ripoux,56
39161,MOVIE,No overview found.,Comedy,,10267,tt0130595,en,1301905000000,852073200000,88,,Dazlak,50
39219,MOVIE,"In this terrifying contemporary version of Robert Louis Stevenson's renowned tale, two medical students' experiments with a strange drug unravel their personalities and alter them in ways they cannot control.",Horror,,10272,tt0425150,en,1301904676000,1136070000000,97,Think You Know The Story? Think Again!,Jekyll + Hyde,142
39237,MOVIE,"Vincent, a down-at-the-heels French cab driver, desparately in need of cash for child support is intrigued...",Drama,,10273,tt0308977,en,1301903852000,1024437600000,95,,Thelma,106
39289,MOVIE,No overview found.,Comedy,,10282,tt0102190,en,1301904472000,690073200000,94,,Karniggels,41
39343,MOVIE,No overview found.,Road Movie,http://www.unanotte.it/,10301,tt1300590,en,1301904042000,1167606000000,91,,Una notte,83
39371,MOVIE,An idealistic staffer for a newbie presidential candidate gets a crash course on dirty politics during his stint on the campaign trail. Based on the play by Beau Willimon.,Drama,,10316,tt1124035,en,1301908573000,1325372400000,0,,Farragut North,71
39410,MOVIE,No overview found.,Drama,,10335,tt0763839,en,1301903725000,1174086000000,90,,El corazón de la tierra,88
39489,MOVIE,No overview found.,Drama,,10369,tt0118529,en,1301906159000,860018400000,105,,14 Tage lebenslänglich,39
39506,MOVIE,No overview found.,Comedy,,10374,tt0116651,en,1301904999000,846716400000,96,,Irren ist männlich,41
39539,MOVIE,No overview found.,Animation,,10392,tt0215919,en,1301906159000,945298800000,85,,Käpt'n Blaubär - Der Film,38
39589,MOVIE,No overview found.,Drama,,10415,tt0192295,en,1301904442000,952556400000,132,,Marlene,58
39598,MOVIE,No overview found.,Drama,,10418,tt0458469,en,1301904473000,1114725600000,90,,Schiller,63
39627,MOVIE,No overview found.,Comedy,,10422,tt0106209,en,1301906159000,741477600000,55,,Abgeschminkt!,45
39717,MOVIE,No overview found.,Crime,,10444,tt0056573,en,1301907402000,-230950800000,88,,Das Testament des Dr. Mabuse,85
39720,MOVIE,No overview found.,Adventure,,10446,tt0110024,en,1301903873000,770508000000,100,,The High Crusade,51
39802,MOVIE,No overview found.,Comedy,,10487,tt0062527,en,1301904472000,-62902800000,80,,"Zur Sache, Schätzchen!",45
39975,MOVIE,No overview found.,Comedy,,10556,tt0256739,en,1301906732000,982796400000,111,,Emil und die Detektive,72
39982,MOVIE,No overview found.,Horror,,10558,tt0221928,en,1301904471000,961884000000,96,,7 Days to Live,405
40010,MOVIE,No overview found.,Drama,,10566,tt0248601,en,1301906732000,973724400000,90,,Vergiss Amerika,69
40040,MOVIE,No overview found.,Comedy,,10573,tt0170259,en,1301908566000,936741600000,107,,Luna Papa,60
40158,MOVIE,No overview found.,Comedy,,10600,tt0165393,en,1301904266000,921452400000,90,,Die Musterknaben 2,44
40189,MOVIE,"When a bus breaks down in the desert, the passengers decide to stage ""King Lear.""",Drama,,10613,tt0208911,en,1301904075000,989532000000,105,,The King Is Alive,112
40271,MOVIE,No overview found.,Drama,,10621,tt0178721,en,1301903818000,939333600000,100,,Lovers,460
40282,MOVIE,No overview found.,Comedy,,10624,tt1170407,en,1301904041000,1205190000000,80,,ProSieben FunnyMovie: Dörte's Dancing,47
40312,MOVIE,No overview found.,Comedy,,10639,tt0206088,en,1301906731000,973119600000,91,,LiebesLuder,41
40380,MOVIE,No overview found.,Thriller,,10672,tt0086846,en,1301905705000,452469600000,90,,Abwärts,39
40429,MOVIE,No overview found.,Comedy,,10689,tt0236343,en,1301903725000,976748400000,90,,Jetzt oder nie - Zeit ist Geld!,41
40449,MOVIE,No overview found.,Drama,,10698,tt0246853,en,1301904041000,992469600000,94,,Wie Feuer und Flamme,53
40498,MOVIE,No overview found.,Drama,,10717,tt0338714,en,1301904041000,1045177200000,92,,Der Alte Affe Angst,40
40531,MOVIE,No overview found.,Action,,10732,tt0109798,en,1301903476000,777679200000,125,,La fille de d'Artagnan,81
40569,MOVIE,No overview found.,Drama,,10749,tt0329632,en,1301908564000,1034200800000,107,,Sophiiiie!,74
40576,MOVIE,German national election campaign 2002: Henrick Wichmann from the conservative party is fighting a lost battle in the Uckermark.,Documentary,http://www.herrwichmann.de/wichmann2.html,10752,tt0362719,en,1301904041000,1049925600000,80,,Denk ich an Deutschland - Herr Wichmann von der CDU,41
40740,MOVIE,No overview found.,Documentary,,10793,tt0065753,en,1301904999000,31532400000,105,,Fußball wie noch nie,29
40768,MOVIE,No overview found.,Comedy,,10801,tt0117788,en,1301904998000,826153200000,86,,Das Superweib,44
40779,MOVIE,No overview found.,Drama,,10809,tt0384036,en,1301904042000,1055455200000,116,,Los debutantes,87
40790,MOVIE,No overview found.,Documentary,http://www.camilo-film.org/info,10811,tt1281369,en,1301906158000,1208988000000,85,,Camilo - Der lange Weg zum Ungehorsam,50
40822,MOVIE,No overview found.,Comedy,,10819,tt0420318,en,1301906732000,1092348000000,109,,Wesele,66
40829,MOVIE,No overview found.,Adventure,,10820,tt0489699,en,1301905329000,1209592800000,110,,Ekkelins Knecht,37
40848,MOVIE,No overview found.,Drama,,10825,tt0476496,en,1301907169000,1155247200000,96,,Trigger,113
41038,MOVIE,No overview found.,Comedy,,10864,tt0106548,en,1301904716000,761439600000,98,,Charlie & Louise - Das doppelte Lottchen,50
41168,MOVIE,No overview found.,Drama,http://www.siebentagesonntag.de//,10903,tt0484888,en,1301906158000,1167606000000,80,,Sieben Tage Sonntag,51
41279,MOVIE,No overview found.,Animation,,10933,tt0387162,en,1301903356000,1080770400000,80,,Derrick - Die Pflicht ruft,69
41344,MOVIE,No overview found.,Documentary,,10959,tt0415377,en,1301904471000,1083016800000,90,,Das Wunder von Bern,59
41399,MOVIE,No overview found.,Action,,10980,tt0388362,en,1301904716000,1097100000000,95,,Ratten 2 - Sie kommen wieder!,141
41547,MOVIE,No overview found.,Comedy,,11032,tt0191072,en,1301904265000,852073200000,91,,Dei Mudder sei Gesicht,45
41609,MOVIE,No overview found.,Drama,,11057,tt0084897,en,1301906068000,401666400000,123,,Die weiße Rose,53
41622,MOVIE,No overview found.,Comedy,,11061,tt0118195,en,1301907399000,837036000000,90,,Workaholic,44
41679,MOVIE,No overview found.,Documentary,,11089,tt0283941,en,1301905444000,990655200000,102,,Black Box BRD,96
41691,MOVIE,No overview found.,Comedy,,11095,tt0048193,en,1301908560000,-442112400000,92,,Ich denke oft an Piroschka,53
41723,MOVIE,No overview found.,Comedy,,11106,tt0130887,en,1301906156000,867708000000,91,,Die Musterknaben,39
41795,MOVIE,No overview found.,Horror,http://www.davidemelinidirector.blogspot.com/,11125,tt1110060,en,1301906479000,1156716000000,12,,La Sceneggiatura,107
41927,MOVIE,No overview found.,Comedy,,11168,tt0104349,en,1301905273000,714261600000,93,,Go Trabi Go 2 - Das war der wilde Osten,38
41957,MOVIE,No overview found.,Crime,,11182,tt1248231,en,1301907266000,1215554400000,90,,In letzter Sekunde,44
41988,MOVIE,No overview found.,Drama,,11192,tt0083949,en,1301906682000,424044000000,106,,Die flambierte Frau,60
41990,MOVIE,No overview found.,Drama,,11193,tt0397693,en,1301904885000,1076022000000,10,,True,131
42023,MOVIE,No overview found.,Disaster,,11203,tt0461708,en,1301904894000,1140303600000,182,,Die Sturmflut,99
42028,MOVIE,No overview found.,Comedy,,11207,tt0384576,en,1301903850000,1093298400000,95,,Süperseks,41
42042,MOVIE,No overview found.,Documentary,,11213,tt0166106,en,1301904996000,915145200000,92,,Die Blume der Hausfrau,39
42077,MOVIE,No overview found.,Thriller,,11226,tt0073470,en,1301906156000,178066800000,98,,Nude per l'assassino,100
42150,MOVIE,No overview found.,Comedy,,11250,tt1312212,en,1301905011000,1199142000000,0,,Wedding For One,74
42166,MOVIE,No overview found.,Action,,11255,tt0362524,en,1301904380000,1048374000000,95,,Crazy Race,49
42184,MOVIE,No overview found.,Comedy,,11280,tt0325861,en,1301904441000,1064786400000,90,,Die Musterknaben - 1000 und eine Nacht,38
42219,MOVIE,No overview found.,Comedy,,11292,tt0354002,en,1301905704000,1044486000000,94,,Seventeen - Mädchen sind die besseren Jungs,37
42224,MOVIE,"Curt Jurgens stars as a courageous Luftwaffe officer. Jurgens loves the service, even though he barely tolerates the Hitler regime. Sickened by wartime Nazi atrocities, Jurgens renounces his government, and is imprisoned and tortured as a result. Once released, the general takes pity on a downtrodden Jewish family. This isolated act of kindness is a point in his favor when Jurgens stands before Satan himself for his final judgment. The Devil's General was based on an immensely successful postwar",Drama,,11295,tt0047572,en,1301906765000,-468810000000,117,,The Devil's General,57
42272,MOVIE,No overview found.,Drama,,11312,tt0280641,en,1301903423000,1003960800000,93,,Engel & Joe,93
42318,MOVIE,No overview found.,Comedy,,11334,tt0111049,en,1301905002000,815266800000,95,,S.P.Q.R. 2000 e 1/2 anni fa,56
42358,MOVIE,No overview found.,Documentary,http://www.hoellentour-derfilm.de/ht/,11350,tt0411498,en,1301907265000,1086818400000,120,,Höllentour,45
42439,MOVIE,No overview found.,Comedy,,11369,tt0295640,en,1301904230000,1005174000000,79,,Suck My Dick,57
42452,MOVIE,No overview found.,Horror,,11376,tt0283027,en,1301903974000,1002146400000,89,,Swimming Pool - Der Tod feiert mit,82
42516,MOVIE,No overview found.,Drama,,11403,tt1241329,en,1301904147000,1230764400000,0,,The River Why,112
42521,MOVIE,No overview found.,Comedy,,11405,tt0418115,en,1302047589000,1139871600000,128,,Der Rote Kakadu,62
42644,MOVIE,No overview found.,Drama,,11445,tt0443526,en,1302063730000,1161295200000,98,,Gypo,114
42738,MOVIE,No overview found.,Comedy,,11480,tt0098220,en,1301904471000,606524400000,108,,Romuald et Juliette,88
42808,MOVIE,A bumbling guy takes a group of orphans to summer camp.,Comedy,,11505,tt0123832,en,1301905359000,852073200000,95,,Family Plan,92
42904,MOVIE,No overview found.,Drama,http://www.kickthemachine.com/works/tropical_malady.html,11534,tt0381668,en,1301904378000,1084831200000,118,,Sud pralad,54
42948,MOVIE,No overview found.,Comedy,,11550,tt0219761,en,1301908555000,942188400000,93,,Helden wie wir,51
43125,MOVIE,No overview found.,Drama,,11603,tt0166322,en,1301905959000,911689200000,89,,Rear Window,88
43142,MOVIE,No overview found.,Comedy,,11611,tt0110661,en,1301904265000,792889200000,90,,Nich' mit Leo,44
43180,MOVIE,No overview found.,Comedy,,11627,tt0036191,en,1301908333000,-846637200000,134,,Münchhausen,53
43224,MOVIE,No overview found.,Comedy,,11643,tt0064471,en,1301907744000,-21776400000,105,,"If It's Tuesday, This Must Be Belgium",268
43298,MOVIE,No overview found.,Comedy,,11664,tt0202806,en,1301905704000,929656800000,90,,"Die Bademeister – Weiber, saufen, Leben retten",40
43308,MOVIE,No overview found.,Drama,,11668,tt0084797,en,1301904264000,401493600000,88,,Tir groupé,62
43314,MOVIE,No overview found.,Horror,,11669,tt0083863,en,1301904715000,417823200000,102,,Le démon dans l'île,39
43336,MOVIE,No overview found.,Comedy,,11677,tt0114523,en,1301907334000,814662000000,93,,Stadtgespräch,42
43404,MOVIE,No overview found.,Drama,,11709,tt0094828,en,1301905821000,597452400000,175,,Camille Claudel,103
43419,MOVIE,No overview found.,Comedy,,11715,tt0048802,en,1301904047000,-454208400000,95,,Wenn der Vater mit dem Sohne,62
43422,MOVIE,No overview found.,Crime,,11717,tt0084470,en,1301904984000,384130800000,113,,Det parallelle lig,46
43437,MOVIE,No overview found.,Drama,,11735,tt0310870,en,1301905704000,1009839600000,0,,Chen Mo he Meiting,28
43448,MOVIE,No overview found.,Action,,11765,tt0079808,en,1301907263000,307666800000,103,,The Riddle of the Sands,56
43454,MOVIE,No overview found.,Drama,,11766,tt0087827,en,1301903265000,465519600000,96,,Obsessive Love,47
43461,MOVIE,No overview found.,Drama,,11768,tt0186515,en,1301905681000,892850400000,90,,La guerre de l'eau,44
43469,MOVIE,No overview found.,Comedy,,11771,tt0157697,en,1301905032000,936223200000,100,,The Girl Next Door,162
43522,MOVIE,No overview found.,Drama,,11781,tt0190300,en,1301904998000,759366000000,90,,Cherche famille désespérément,40
43528,MOVIE,No overview found.,Crime,,11783,tt0168316,en,1301903878000,180918000000,315,,Les Compagnons d'Eleusis,44
43534,MOVIE,No overview found.,History,,11784,tt0069570,en,1301906064000,125449200000,255,,Joseph Balsamo,49
43537,MOVIE,No overview found.,Comedy,,11786,tt0079075,en,1301904968000,211590000000,96,,Dracula père et fils,60
43545,MOVIE,No overview found.,History,,11789,tt0074024,en,1301905704000,157762800000,360,,Michel Strogoff,53
43589,MOVIE,No overview found.,History,,11809,tt0074784,en,1301904476000,201394800000,311,,Legenda o Tile,47
43593,MOVIE,No overview found.,Comedy,,11810,tt0184071,en,1301907382000,534121200000,93,,Zakonnyy brak,36
43731,MOVIE,No overview found.,Comedy,,11869,tt0034076,en,1301905703000,-885002400000,92,,"Quax, der Bruchpilot",39
43734,MOVIE,No overview found.,Comedy,,11871,tt0188027,en,1301904264000,919810800000,111,,Late Show,82
43735,MOVIE,No overview found.,Comedy,,11872,tt0055960,en,1301904994000,-227322000000,94,,Er kann’s nicht lassen,45
43794,MOVIE,No overview found.,Action,,11903,tt0433359,en,1301904714000,1100991600000,93,,Crazy Race 2 – Warum die Mauer wirklich fiel,37
43807,MOVIE,No overview found.,Comedy,,11907,tt0110251,en,1301905312000,789865200000,104,,Keiner liebt mich,56
43840,MOVIE,No overview found.,Comedy,,11922,tt0101306,en,1301903476000,689468400000,85,,Allein unter Frauen,41
43917,MOVIE,No overview found.,Action,,11952,tt0473716,en,1301903599000,1163718000000,180,,Der Untergang der Pamir,45
43993,MOVIE,No overview found.,Drama,,11985,tt0109066,en,1301904406000,778456800000,118,,AI,99
52197,MOVIE,No overview found.,Documentary,,12073,tt1461227,en,1301904475000,694220400000,53,,"Gagarin, ya vas lyubila",27
52199,MOVIE,No overview found.,Drama,http://www.nrk.no/berlinerpoplene/,12074,tt1127904,en,1301908586000,1191794400000,300,,Berlinerpoplene,39
52292,MOVIE,No overview found.,Road Movie,,12115,tt0203297,en,1301903725000,965685600000,128,,"L'amour, l'argent, l'amour",45
52300,MOVIE,No overview found.,Drama,,12119,tt0371496,en,1301905681000,1068332400000,182,,Das Wunder von Lengede,44
52313,MOVIE,No overview found.,Road Movie,,12125,tt1020559,en,1301904988000,1230764400000,0,,Patagonia,90
52329,MOVIE,No overview found.,Comedy,,12131,tt0338052,en,1301906726000,1042671600000,95,,Ganz und gar,42
52374,MOVIE,No overview found.,Thriller,,12148,tt0114335,en,1301904714000,812847600000,95,,Der Sandmann,44
52412,MOVIE,No overview found.,Comedy,,12168,tt0780036,en,1301906063000,1230764400000,0,,The Governess,88
52443,MOVIE,No overview found.,Thriller,,12176,tt0069922,en,1301907393000,106441200000,107,,La Corrupción de Chris Miller,37
52461,MOVIE,"The Devil has infected Heaven's computer system with a virus which makes the bad guys on Earth look like ""angels"" ... and of course, opens the Gate for their arrival.  Two Celestial ""ace"" trouble shooters, Tough Tony and Joe Doggs, are once again called upon to save the day ... and joining them is a loveable computer geek who's a lot smarter than he looks.",Comedy,,12181,tt0413859,en,1301905192000,1085090400000,93,Tough Tony and Joe Doggs Have Another Little Problem...,Blue Angels 2,163
52498,MOVIE,No overview found.,Comedy,,12189,tt1173918,en,1301302607000,1200524400000,96,,Selbstgespräche,36
52510,MOVIE,No overview found.,Comedy,,12195,tt1027675,en,1301908551000,788914800000,3,,Dokumentarfilm - Eine Anleitung,31
52553,MOVIE,No overview found.,Documentary,,12209,tt0377325,en,1301419139000,1041375600000,102,,Abxang,27
52555,MOVIE,No overview found.,Documentary,http://www.buildingthegherkin.com/,12210,tt0831278,en,1301905307000,1104534000000,89,,Building The Gherkin,229
52563,MOVIE,No overview found.,Crime,,12214,tt0083255,en,1301906611000,374194800000,105,,Une affaire d'hommes,49
52569,MOVIE,No overview found.,Drama,,12215,tt0428953,en,1301908552000,259455600000,90,,La Passion,263
52767,MOVIE,"A desperate, childless couple kidnap a pregnant woman and lead her husband to believe that she is dead.",Crime,,12255,tt0191915,en,1301905631000,946681200000,100,,Cord,87
52794,MOVIE,No overview found.,Drama,,12265,tt0175455,en,1301904470000,348534000000,90,,Au bout du chemin,48
52799,MOVIE,No overview found.,Drama,,12266,tt0083257,en,1301904228000,377910000000,105,,Une étrange affaire,56
52806,MOVIE,No overview found.,Drama,,12272,tt0076473,en,1301904946000,213490800000,87,,Golden Night,79
52820,MOVIE,"Soul Man is a comedy film made in 1986 about a man who undergoes racial transformation with pills to qualify for an African-American-only scholarship at Harvard Law School. It stars C. Thomas Howell, Rae Dawn Chong, Arye Gross, James Earl Jones, Leslie Nielsen, and Julia Louis-Dreyfus.",Comedy,,12278,tt0091991,en,1302024252000,530492400000,104,,Soul Man,123
52852,MOVIE,No overview found.,History,,12314,tt1119180,en,1301524218000,1213999200000,0,,Die Brücke,63
52854,MOVIE,No overview found.,Drama,,12315,tt1245539,en,1301685084000,1250719200000,116,,Summertime Blues,122
52857,MOVIE,No overview found.,Documentary,,12354,tt1116937,en,1301907346000,1193004000000,83,,Johanna sucht das Glück,33
52859,MOVIE,No overview found.,Drama,,12369,tt0120065,en,1301906725000,853801200000,97,,Sapho,61
52864,MOVIE,No overview found.,Documentary,,12399,tt1014783,en,1300979450000,1167606000000,70,,Why Didn't Anybody Tell Me It Would Become This Bad in Afghanistan,52
52888,MOVIE,No overview found.,Drama,http://dioseslapelicula.com/,12413,tt1283896,en,1301905326000,1218319200000,120,,Dioses,40
52915,MOVIE,No overview found.,Drama,,12422,tt1206485,en,1301908577000,1199142000000,110,,Nuit de chien,53
52933,MOVIE,No overview found.,Drama,,12427,tt1284592,en,1300979459000,1199142000000,0,,Teza,41
52950,MOVIE,No overview found.,Drama,,12430,tt1283971,en,1301907311000,1199142000000,102,,Vegas: Based on a True Story,68
52973,MOVIE,No overview found.,Adventure,,12436,tt0062607,en,1301907334000,-28861200000,360,,Les Aventures de Tom Sawyer,40
52981,MOVIE,No overview found.,Adventure,,12438,tt0071076,en,1301908420000,140050800000,300,,Deux ans de vacances,37
52985,MOVIE,Three generations of women in a Mexican American family experience sexual awakenings over the course of a summer.,Comedy,,12441,tt0385006,en,1301906114000,1104534000000,128,,How the Garcia Girls Spent Their Summer,116
53001,MOVIE,No overview found.,Comedy,,12447,tt0104142,en,1301904984000,674344800000,87,,Driving Me Crazy,264
53014,MOVIE,No overview found.,Drama,,12452,tt0176241,en,1301905702000,361317600000,90,,Treize,66
53081,MOVIE,"An 18 years old man is leaving his Swiss German parent's house to learn 1 year French in Geneva, as au pair helper of this family. He learns there the easy and hard times of life and love.",Comedy,http://www.film-jeunehomme.ch,12457,tt0466227,en,1301421318000,1174518000000,90,,Jeune homme,73
53099,MOVIE,No overview found.,Drama,,12470,tt0073654,en,1301906152000,126226800000,120,,Sandakan hachibanshokan bohkyo,46
53114,MOVIE,No overview found.,Drama,http://www.parquevia.com/,12474,tt1183942,en,1301906725000,1218837600000,0,,Parque vía,26
53133,MOVIE,No overview found.,Comedy,,12482,tt0064588,en,1301904258000,-16333200000,88,,Liebe ist kälter als der Tod,42
53171,MOVIE,No overview found.,Animation,,12494,tt0319844,en,1301903476000,386546400000,84,,Meister Eder und sein Pumuckl,46
53209,MOVIE,No overview found.,Action,,12504,tt0085900,en,1301903879000,435970800000,100,,Le marginal,44
53221,MOVIE,No overview found.,Drama,,12511,tt0362427,en,1301014670000,-2208992400000,107,,Avanim,61
53231,MOVIE,No overview found.,Comedy,,12514,tt0296842,en,1301906760000,994024800000,80,,Die Scheinheiligen,93
53258,MOVIE,No overview found.,Drama,,12523,tt1151827,en,1301906726000,-2208992400000,0,,Räuber Kneißl,28
53288,MOVIE,No overview found.,Comedy,,12534,tt0071277,en,1301906062000,162255600000,84,,"Carambola, filotto... tutti in buca",40
53304,MOVIE,No overview found.,Action,,12541,tt0079252,en,1301903478000,322873200000,90,,Le guignolo,48
53345,MOVIE,No overview found.,Documentary,,12552,tt0053268,en,1301904470000,-332038800000,85,,Serengeti darf nicht sterben,47
53381,MOVIE,"Inspired by Thomas Merton's poem, ORIGINAL CHILD BOMB shows the human cost of nuclear weapons. The bombings of Hiroshima and Nagasaki are depicted through declassified footage, photographs, drawings and testimonies of mothers, brothers and soldiers. Ordinary people gaze upon the nuclear past and its terrifying present. ",Documentary,,12563,tt0415193,en,1300979484000,-2208992400000,57,,Original Child Bomb,115
53394,MOVIE,No overview found.,Drama,,12570,tt0255140,en,1301906107000,962316000000,97,,England!,99
53406,MOVIE,No overview found.,Comedy,,12574,tt0106613,en,1301906152000,733701600000,97,,Cop and ½,96
53490,MOVIE,No overview found.,Drama,,12605,tt0443076,en,1301904997000,1106175600000,87,,Katze im Sack,47
53546,MOVIE,No overview found.,Action,,12629,tt0104743,en,1301904010000,715471200000,85,,Live Wire,112
53551,MOVIE,No overview found.,Comedy,,12631,tt0054826,en,1301907260000,-263610000000,87,,Drei Mann in einem Boot,59
53552,MOVIE,No overview found.,Drama,,12632,tt0110246,en,1302024032000,747698400000,139,,Kaspar Hauser,100
53569,MOVIE,No overview found.,Adventure,,12638,tt0100633,en,1301906724000,639266400000,98,,Der Skipper,41
53671,MOVIE,"Four characters are looking for a man called Castro, but we don't know why. For some mysterious reason, Castro is running. He has left his life behind, and survives by hiding in a room in a small city. He is basically alone, but someone has appeared in his life, Celia. She is young, beautiful, and sometimes cruel.",Action,,12679,tt1404022,en,1301012855000,1235862000000,85,,Castro,67
53726,MOVIE,No overview found.,Drama,,12696,tt0371710,en,1301906611000,1057010400000,93,,Hierankl,54
53795,MOVIE,No overview found.,Horror,,12718,tt0283043,en,1301906062000,1017784800000,90,,Teenage Caveman,102
53848,MOVIE,No overview found.,Comedy,,12732,tt0064804,en,1301907392000,10796400000,95,,Le petit bougnat,38
53902,MOVIE,No overview found.,Drama,,12765,tt0331698,en,1301905701000,1044831600000,94,,Milchwald,64
53912,MOVIE,No overview found.,Comedy,,12768,tt0350324,en,1301906152000,1042585200000,100,,Wir,72
53919,MOVIE,No overview found.,Adventure,,12769,tt0329485,en,1301906221000,1040166000000,85,,Le Papillon,97
53947,MOVIE,No overview found.,Comedy,,12781,tt0046986,en,1301904714000,-483757200000,92,,Das fliegende Klassenzimmer,63
53997,MOVIE,No overview found.,Drama,,12796,tt0114020,en,1301418612000,-2208992400000,88,,Sebastian,126
54028,MOVIE,No overview found.,Drama,,12803,tt0101967,en,1301904996000,694220400000,88,,Gossenkind,45
54031,MOVIE,No overview found.,Documentary,,12804,tt0377076,en,1301903872000,1056578400000,65,,Intimes Tagebuch,27
54072,MOVIE,No overview found.,Comedy,,12813,tt0278162,en,1301904997000,961020000000,90,,Zurück auf Los!,41
54076,MOVIE,A documentary about nazis in Sweden.,Documentary,,12815,tt0477133,en,1302041275000,1104534000000,90,,White Terror,121
54097,MOVIE,No overview found.,Documentary,,12816,tt0399660,en,1301906299000,1041375600000,90,,Skinhead Attitude,94
54103,MOVIE,No overview found.,Drama,,12817,tt0047006,en,1301903165000,-476586000000,100,,Der Förster vom Silberwald,42
54153,MOVIE,No overview found.,Adventure,,12836,tt0077037,en,1301417327000,281919600000,390,,Kidnapped,282
54173,MOVIE,No overview found.,Documentary,,12842,tt0844551,en,1301907391000,-2208992400000,0,,Goodbye Deutschland! Die Auswanderer,123
54194,MOVIE,No overview found.,Crime,,12887,tt0469033,en,1301054406000,-2208992400000,0,,Belly,447
54751,MOVIE,No overview found.,Action,,13126,tt0403524,en,1302019964000,-2208992400000,91,,Karate for Life,324
55091,MOVIE,No overview found.,Documentary,,13244,tt0495399,en,1300979589000,1096927200000,0,,The Privileged Planet,81
55551,MOVIE,"Description : Set in the American Wild West, this French-language film quickly overcomes its dire beginning--the Native American ambush of a group of immigrants--and becomes an enjoyable comedy. When the adults of Big City leave for the ambush site, the children realize they are all alone and in charge. With a cast composed almost entirely of young people...",Western,,13404,tt0865868,en,1301524563000,1197414000000,100,,Big City,138
55555,MOVIE,"Su-ho is a plain high school boy, and Su- is a bright and beautiful girl in the same school. For some unknown reason, Su-eun has a crush on the boy, and for equally mysterious reasons she rescues Su-ho in the sea (though he doesn’t know who actually saved him). In the process, Su-eun loses her pager. When she discloses the relationship with Su-ho at school, despite envy and disbelief from other classmates, she asks Su-ho to buy her a pager so that they can communicate with each other through voi",Drama,,13407,tt0488177,en,1301905325000,1135206000000,95,,My Girl and I,69
56442,MOVIE,No overview found.,Family,,13705,tt0090840,en,1301908036000,-2208992400000,0,,The Christmas Star,94
57520,MOVIE,"A crazed scientist experimenting with a rage virus on innocent victims in a laboratory in the woods. When his monstrous subjects escape and vultures devour their remains, they became mutations seeking to feed on humans.",Horror,,13946,tt0497432,en,1301165994000,1196463600000,85,,The Rage,124
57529,MOVIE,No overview found.,Comedy,,13951,tt1649387,en,1301908261000,-2208992400000,0,,Om Shanti,114
58039,MOVIE,"Following the dealings of a Melbourne-based hitman Ray as seen through the eyes of his ex-neighbour and friend Max, an Italian film student. Max and his camera witness Ray's work life as it unfolds from day to day, giving an insight into a world we rarely see, and at the same time developing an unusual friendship with his subject.",Comedy,,14096,tt0461989,en,1301908004000,1127944800000,85,For the right money he can make anything disappear,The Magician,141
58268,MOVIE,No overview found.,Western,,14169,tt0060124,en,1301907731000,-2208992400000,118,,Arizona Colt,565
58535,MOVIE,No overview found.,Documentary,,14265,tt0961203,en,1302072394000,1167606000000,0,,Hip Hop Legends,100
58769,MOVIE,No overview found.,Horror,,14335,tt0115754,en,1300979821000,-2208992400000,0,,Breathing Room,276
59128,MOVIE,No overview found.,Comedy,,14436,tt0315856,en,1301907569000,-2208992400000,0,,Bringing Down the House,132
59165,MOVIE,No overview found.,Drama,,14446,tt1118669,en,1300979864000,1222380000000,0,,Ett Enklare Liv,40
59241,MOVIE,No overview found.,Action,,14468,tt0995718,en,1301908294000,1179439200000,0,,Ek Chalis Ki Last Local,61
59404,MOVIE,No overview found.,Comedy,,14548,tt1127870,en,1300979899000,1193004000000,0,,Mumbai Salsa,67
59767,MOVIE,No overview found.,Drama,,14730,tt0237934,en,1302022257000,-2208992400000,0,,The Wyvern Mystery,483
59876,MOVIE,"Two guys quit stodgy corporate jobs, scrounged up all the savings they could, collected credit cards, and stepped - or better yet - scooted forward to follow their biggest dream: to become filmmakers. Josh Caldwell rode a Segway from Seattle to Boston, while his buddy Hunter Weeks directed a film they both shot about the experience and about the moments leading up to this crazy twist on the Americ",Documentary,,14773,tt0446083,en,1301907095000,1167606000000,92,,10 MPH,134
60374,MOVIE,No overview found.,Drama,,14974,tt0955306,en,1300980043000,-2208992400000,0,,Noah's Arc: Jumping the Broom,161
60654,MOVIE,No overview found.,Comedy,,15086,tt0120785,en,1301906154000,909874800000,80,,La Patinoire,44
60923,MOVIE,No overview found.,Erotic,,15202,,en,1300980108000,-2208992400000,0,,500 Person Sex!,13
61143,MOVIE,"Two American mafiosi, Gino and Settimo, take refuge in the Glasgow cafe owned by their Scottish/Italian cousin, but he isn't the tough guy they'd expected. Gino and Settimo try to repay Roberto's hospitality by chasing off a debt collector who wants his property, but their strong arm tactics alarm him and he realises they aren't the PR consultants they claimed to be.",Action,www.american-cousins.com,15312,tt0324992,en,1301417972000,1069974000000,115,,American Cousins,252
61186,MOVIE,No overview found.,Comedy,,15329,tt0217168,en,1300980124000,-2208992400000,0,,Ca ira mieux demain,133
61557,MOVIE,No overview found.,Drama,,15492,tt1145852,en,1301006550000,-2208992400000,0,,Daniels Daughter,319
61624,MOVIE, Furious FInishes - Best knockouts and submissions on HDNet Fights,Sports Film,,15505,,en,1301908424000,1201820400000,84,,HDNet Fights: Furious Finishes,17
62042,MOVIE,Riccardo III (da Shakespeare) secondo Carmelo Bene ,Comedy,,15683,tt0997259,en,1300980187000,376527600000,76,,Riccardo III,43
62485,MOVIE,No overview found.,Documentary,,15847,tt1219341,en,1301418588000,-2208992400000,82,,Generation Model,381
62529,MOVIE,"When a woman falsely accused of murdering her husband is released from prison after 8 years, she hires a private investigator, determined to find out who framed her. What she doesn't know, is that the killer is about to do it again.",Mystery,,15861,tt0878673,en,1301414277000,1174172400000,0,,Framed for Murder,80
62545,MOVIE,,Drama,,15868,tt0270118,en,1302040820000,-2208992400000,0,,Cheaters,161
63013,MOVIE,No overview found.,Drama,,16073,tt0113873,en,1301907995000,-2208992400000,0,,Murderous Intent,421
63083,MOVIE,No overview found.,Thriller,,16088,,en,1301905624000,1225666800000,15,,Zou!,65
64036,MOVIE,No overview found.,Comedy,,16247,tt0468736,en,1301908047000,-2208992400000,107,,Festival,435
64453,MOVIE,No overview found.,Comedy,,16399,tt0115927,en,1301907092000,862524000000,88,,Commandments,61
64584,MOVIE,No overview found.,Fantasy,,16465,tt0135180,en,1301908467000,-2089414800000,2,,Le chaudron infernal,48
64633,MOVIE,No overview found.,Action,,16524,tt0130314,en,1301905338000,852073200000,0,,A Time to Revenge,61
64636,MOVIE,No overview found.,Action,,16530,tt0107838,en,1301904458000,859244400000,80,,Pocket Ninjas,81
64724,MOVIE,"A divorced couple try to pretend they are still happily married in order to get $100,000 from the woman's divorce-disapproving aunt.",Comedy,,16599,tt0016600,en,1301906054000,-1370826000000,23,,Along Came Auntie,43
65086,MOVIE,No overview found.,Comedy,,16833,tt1530883,en,1302020735000,-2208992400000,86,,Dirty Love,1003
65114,MOVIE,No overview found.,Drama,,16849,tt0814197,en,1302090914000,1147212000000,90,,Love & Dance,86
65736,MOVIE,No overview found.,Horror,,17154,tt1077236,en,1302232429000,-2208992400000,0,,Black Ribbon,1858
66744,MOVIE,No overview found.,Drama,,17595,tt0346800,en,1301417896000,1041375600000,0,,Cowards Bend the Knee,97
66954,MOVIE,"London's Dupayne Museum is in danger of closing since one of the trustees feels that the money expended on preserving the past could be better spent addressing the problems of living people. One of the museum's collections concerns murders committed between the world wars. When a killing that reflects one of the cases on display occurs, history seems to be repeating itself.",Crime,,17679,tt0432327,en,1301904939000,1099173600000,180,,The Murder Room,204
67060,MOVIE,No overview found.,Family,,17746,tt0135708,en,1300980476000,252457200000,45,,The Wiz,398
67419,MOVIE,No overview found.,Comedy,,17955,tt1499434,en,1302199302000,1230764400000,3,,"He Said, She Said",87
67486,MOVIE,No overview found.,Drama,,17978,tt0065797,en,1302196108000,24447600000,103,,The Great White Hope,83
67622,MOVIE,"The Gunpowder Plot: Exploding The Legend was a British television show, hosted by Richard Hammond, that tried to recreate the Gunpowder Plot in which Guy Fawkes attempted to blow up the Houses of Parliament.",Documentary,,18066,tt0492459,en,1301908523000,1130799600000,95,,The Gunpowder Plot: Exploding the Legend,59
67835,MOVIE,No overview found.,Family,,18180,tt0383050,en,1301905262000,-2208992400000,59,,Wee Sing in Sillyville,89
67888,MOVIE,No overview found.,Documentary,,18204,tt1316029,en,1300980543000,1236207600000,78,,Willi und die Wunder dieser Welt,40
67904,MOVIE,No overview found.,Drama,,18208,tt0479275,en,1301907088000,1163113200000,91,,Beautiful Ohio,95
68032,MOVIE,No overview found.,Sports Film,http://www.hannover-indians.de,18253,,en,1301906112000,1240610400000,70,,Mythen Wunder Emotionen,16
68157,MOVIE,No overview found.,Comedy,,18301,tt0210163,en,1301002354000,-2208992400000,96,,My Little Business,272
68158,MOVIE,No overview found.,Drama,http://www.chihwaseon.com/,18302,tt0317234,en,1301905967000,1020981600000,120,,Painted Fire,77
68168,MOVIE,No overview found.,Comedy,,18307,tt0396032,en,1301904705000,1134169200000,81,,Getting Played,113
68259,MOVIE,No overview found.,Drama,,18375,tt0938291,en,1301906347000,-2208992400000,0,,A Stranger's Heart,144
68337,MOVIE,No overview found.,Drama,,18403,tt0103747,en,1301904610000,703461600000,115,,The Babe,111
68350,MOVIE,"In this deeply moving, award-winning French documentary, a family reflects on the murder of their 29-year-old son and tries to move beyond feelings of hatred and revenge.",Documentary,,18412,tt0783665,en,1301907434000,1119132000000,86,,Beyond Hatred,85
68393,MOVIE,No overview found.,Action,,18429,tt1105270,en,1301906525000,1194908400000,87,,Consignment,60
68404,MOVIE,No overview found.,Drama,,18436,tt0417586,en,1301908367000,1180648800000,110,,Dangerous Parking,77
68472,MOVIE,"In Momma's Man an adult decides to escape the pressures of life and return to his old bedroom at his parents' house. An odd premise, but executed with skill and tenderness. ",Drama,,18468,tt1122599,en,1302214994000,1200610800000,94,,Momma's Man,231
68648,MOVIE,"Arlis Sweeney (Dennis Quaid) leads a life as simple and unchanging as his native West Texas plains. He stocks vending machines, moving from town to town and from one familiar lover to another. Kay Davies (Meg Ryan) also calls the road her home. Running from a broken marriage, she doesn't know where she's headed, but any place is better than where she's been. Fate brings them together and gives them a future, until a figure from the past – Arlis's father (James Caan) – awakens a memory as deep an",Drama,,18551,tt0106926,en,1301906185000,752454000000,126,,Flesh and Bone,110
68952,MOVIE,The discovery of a corpse threatens to unravel a bumbling local politician's campaign for governor of Colorado.,Comedy,,18711,tt0376890,en,1300980615000,1095372000000,128,,Silver City,146
68968,MOVIE,No overview found.,Drama,,18729,tt0088583,en,1301908164000,499820400000,561,,North and South,96
69198,MOVIE,No overview found.,Drama,,18848,tt0479074,en,1301417093000,1192053600000,94,,The Inner Life of Martin Frost,96
69557,MOVIE,No overview found.,Family,,18977,tt0053672,en,1302018595000,-2208992400000,82,,The Boy and the Pirates,304
69633,MOVIE,No overview found.,Comedy,,19008,tt0115040,en,1300980659000,802648800000,99,,Záhrada,27
69755,MOVIE,No overview found.,Drama,,19080,tt0141988,en,1302164121000,886892400000,60,,The Wingless Bird,61
69853,MOVIE,No overview found.,Crime,,19128,tt0054371,en,1301904710000,-315622800000,99,,Die 1000 Augen des Dr. Mabuse,55
69854,MOVIE,No overview found.,Crime,,19129,tt0055008,en,1301905312000,-284000400000,85,,Im Stahlnetz des Dr. Mabuse,66
69855,MOVIE,No overview found.,Crime,,19130,tt0056639,en,1301904467000,-252464400000,85,,Die unsichtbaren Krallen des Dr. Mabuse,41
69856,MOVIE,The spirit of the evil Dr. Mabuse takes over the body of a famous professor. The professor/Dr. Mabuse then begins a new crime wave that terrorizes the city.,Crime,,19131,tt0057479,en,1301908504000,-220928400000,87,,Dr. Mabuse vs. Scotland Yard,50
69858,MOVIE,No overview found.,Crime,,19132,tt0058667,en,1301906146000,-189392400000,87,,Die Todesstrahlen des Dr. Mabuse,37
69864,MOVIE,No overview found.,Comedy,,19138,tt0066137,en,1301906712000,-3600000,87,,"Nicht Fummeln, Liebling",32
69958,MOVIE,"Street vendor Marcia is scraping together a living in the ghetto section of Kingston, Jamaica. Her young daughter is being hounded by a rich sugar daddy who has been supporting the family; her brother's life is being threatened by a local thug. So, when the licentious patron threatens to abandon the family, and her brother breaks down under pressure, Marcia hits bottom. She needs to escape to a haven where she can get lost in fantasy; Marcia, don in sex-me-up clothing and outrageous glamour, fin",Drama,,19159,tt0127497,en,1301418392000,876434400000,98,,Dancehall Queen,273
70011,MOVIE,No overview found.,Drama,,19180,tt0326828,en,1301904609000,1084658400000,96,,A Different Loyalty,275
70032,MOVIE,No overview found.,Adventure,,19196,tt0059139,en,1302167602000,-134442000000,103,,Durchs Wilde Kurdistan,48
70038,MOVIE,No overview found.,Adventure,,19198,tt0059308,en,1301906727000,-126320400000,95,,Im Reiche des silbernen Löwen,51
70072,MOVIE,No overview found.,Drama,,19212,tt0800203,en,1301418850000,1211839200000,95,,A Simple Promise,75
70079,MOVIE,"A moving account of the experiences of men exonerated after years, and sometimes decades, in prison following newly found DNA evidence.",Documentary,,19215,tt0436039,en,1302023623000,-2208992400000,95,,After Innocence,140
70249,MOVIE,No overview found.,Horror,,19298,tt0465616,en,1300980699000,1167606000000,90,,Stagknight,54
70328,MOVIE,No overview found.,Action,,19337,tt0144277,en,1301907448000,-2208992400000,80,,Ley Lines,103
70375,MOVIE,No overview found.,Comedy,,19361,tt0111218,en,1301906951000,757378800000,86,,Sleep With Me,65
70662,MOVIE,"Dual follows drifter Luke Twain in the late 1800s when he discovers a town where all the inhabitants has been brutally murdered. Making a choice to remain and uncover what took place there, he finds himself in a strange game of cat and mouse with a mysterious man that still has one final mission... ",Action,,19523,,en,1301906420000,-2208992400000,0,,Dual: The Lone Drifter,320
70664,MOVIE,A documentary that explores what happens when a homeless man is given one hundred thousand dollars and the free will to do with it whatever his wishes.,Documentary,,19524,tt0838195,en,1301908516000,1104534000000,68,,Reversal of Fortune,58
70665,MOVIE,No overview found.,Musical,,19525,tt0039501,en,1301906158000,-2208992400000,104,,It Happened in Brooklyn,414
70939,MOVIE,No overview found.,Mystery,,19661,tt0059448,en,1301903854000,-131763600000,108,,Mirage,69
71284,MOVIE,"A fascinating account of the presidency of Andrew Jackson, who was both one of America's great presidents and a borderline tyrant. The seventh president shook up the glossy world of Washington, DC with his ""common-man"" methods and ideals, but also oversaw one of the most controversial events in American history: the forced removal of Indian tribes, including the Cherokees, from their homes.",History,,19871,tt1471325,en,1301663828000,1180648800000,120,,"Andrew Jackson: Good, Evil & The Presidency",68
71309,MOVIE,No overview found.,Drama,,19880,tt0437618,en,1301908516000,-1483146000000,0,,Without Evidence,125
71317,MOVIE,No overview found.,Drama,,19887,tt0208903,en,1302233852000,-2208992400000,0,,Disco Dancer,290
71520,MOVIE,"Eva Mozes Kor, who survived Josef Mengele's cruel twin experiments in the Auschwitz concentration camp, shocks other Holocaust survivors when she decides to forgive the perpetrators as a way of self-healing.",Documentary,,19999,tt0489707,en,1302187090000,1140735600000,82,,Forgiving Dr. Mengele,120
