nodeId:ID,:LABEL,description,homepage,id,imageUrl,imdbId,language,lastModified,tagline,title,version
888,MOVIE,"A series of six films from the Director, Screenwriter, and Producer George Lucas. Luke Skywalker, Princess Leia, Darth Vader, C3PO, R2D2 and many other characters from the film are now household names from one of the most successful film projects of all time.",http://www.starwars.com/,10,http://cf1.imgobject.com/posters/183/4c03ce5d017a3c7e8f000183/star-wars-collection-mid.jpg,,en,1299815466000,,Star Wars Collection,95
1386,MOVIE,The Adventure films series from the Director George Lucas and starring Harrison Ford as the archeologist Henry Indiana Jones.,,84,http://cf1.imgobject.com/posters/7de/4bc90273017a3c57fe0007de/indiana-jones-collection-mid.jpg,,en,1299834300000,,Indiana Jones Collection,33
1784,MOVIE,Director Peter Jackson’s film trilogy based on the famous J.R.R Tolkien novels. ,,119,http://cf1.imgobject.com/posters/c38/4be63466017a3c35bb000c38/the-lord-of-the-rings-trilogy-mid.jpg,,en,1299807961000,,The Lord of the Rings Trilogy,54
1839,MOVIE,"Trois Couleurs is a film trilogy who’s colors make up the films and the three colors of France – Blue, White and Red. With the colors meaning – freedom, equality and brotherliness. A film by Krzysztof Kieślowski.",,131,http://cf1.imgobject.com/posters/6e7/4d1371145e73d608340016e7/trois-couleurs-mid.jpg,,en,1299815697000,,Trois Couleurs,99
2101,MOVIE,"Star Trek a futuristic science fiction franchise. With a space ship that can travel faster than the speed of light, galaxies to explore, and cool skin tight suits to beam up in, Star Trek has been, since the 1960’s, a series of Films, various TV series, video games, the host of many spin-offs, and the possibly the first to use the cell phone. Star Trek fans are some of the most devout.",,151,http://cf1.imgobject.com/posters/83d/4cc472035e73d6778400183d/star-trek-collection-mid.jpg,,en,1300049488000,,Star Trek Collection,226
2843,MOVIE,Francis Ford Coppola’s trilogy films about the everyday life of a New York mafia family. With its star-studded cast these films would go down in history as some of the greatest Hollywood has ever produced.,,230,http://cf1.imgobject.com/posters/9cf/4bc9056e017a3c57fe0019cf/the-godfather-mid.jpg,,en,1299912024000,,The Godfather Collection,72
3241,MOVIE,Everything began millionaire Bruce Wayne who fights against the underground of Gotham City.,,263,http://cf1.imgobject.com/posters/2cb/4d088e517b9aa101d70002cb/batman-collection-mid.jpg,,en,1300011536000,,The Batman Collection,162
3242,MOVIE,"Marty McFly, a typical American teenager of the Eighties, is accidentally sent back to 1955 in a plutonium-powered DeLorean ""time machine"" invented by slightly mad scientist. During his often hysterical, always amazing trip back in time, Marty must make certain his teenage parents-to-be meet and fall in love - so he can get back to the future.",,264,http://cf1.imgobject.com/posters/760/4c6e8eaf7b9aa13ab6000760/back-to-the-future-mid.jpg,,en,1299913196000,,The Back to the Future Trilogy,99
3520,MOVIE,"Pirates of the Caribbean is the trilogy of comedic pirate films starring Johnny Depp, Keira Knightley and Orlando Bloom.",,295,http://cf1.imgobject.com/posters/f92/4bc9064f017a3c57fe001f92/pirates-of-the-caribbean-collection-mid.jpg,,en,1299816331000,,Pirates of the Caribbean Collection,58
3602,MOVIE,The Ocean's Eleven is a star-studded film series about a group of professional robbers who get together to pull off some mind-boggling heists. ,,304,http://cf1.imgobject.com/posters/067/4bc9066f017a3c57fe002067/ocean-s-collection-mid.jpg,,en,1300006504000,,Ocean's Collection,132
3603,MOVIE,305. The Beverley hills cop film series that made Eddie Murphy into a superstar of the 1980’s. Murphy plays a Detroit cop named Axel Foley who is always sent to L.A. to help his friends Rosewood and Taggart solve crimes.,,305,http://cf1.imgobject.com/posters/886/4cebedea7b9aa17c8f000886/beverly-hills-cop-series-mid.jpg,,en,1300006410000,,Beverly Hills Cop Series,29
4306,MOVIE,"This action film series stars an alien killing species and it’s fight against hunters in the jungle. Starring Arnold Swarzenegger and Danny Glover the film would see 2 sequels, many video games, and a comic book series.",,399,http://cf1.imgobject.com/posters/68e/4bc9075b017a3c57fe00268e/predator-collection-mid.jpg,,en,1299831430000,,Predator Collection,60
5382,MOVIE,The Terminator series also known as the terminator collection & Terminator Quadrilogy are the science-fiction films about the fight in time between the human rebel alliance and the artificial intelligent machines called Skynet. The Terminator is sent back in time to destroy the future rebel leader’s mother and then in later films to protect him from more advanced machines.,,528,http://cf1.imgobject.com/posters/de7/4bc90872017a3c57fe002de7/terminator-mid.jpg,,en,1299911194000,Terminator Quadrilogy,Terminator Quadrilogy,145
5607,MOVIE,The series of Spider-Man films beginning with Spider-Man in 2002. The films are inspired by the stories from the popular comic book series.,,556,http://cf1.imgobject.com/posters/fd2/4bc908bb017a3c57fe002fd2/spider-man-collection-mid.jpg,,en,1300123919000,,Spider-Man Collection,187
6397,MOVIE,One of the most extensive film series starring James Bond as 007 a British super agent man that women desire.,http://www.jamesbond.com/,645,http://cf1.imgobject.com/posters/99f/4cbff1567b9aa138d800199f/james-bond-collection-mid.jpg,,en,1299911242000,,James Bond Collection,92
6504,MOVIE,The extremely successful horror film series about a mysterious murderer who gives his victims macabre riddles they must solve to earn their freedom. After a surprise debut film success Saw would be made into two more sequels and a fourth in the works.,,656,http://cf1.imgobject.com/posters/2df/4d0890f87b9aa101e40002df/saw-collection-mid.jpg,,en,1300106857000,,Saw Collection,183
7015,MOVIE,The successful blockbuster vampire series with Wesley Snipes in the lead role.,,735,http://cf1.imgobject.com/posters/540/4c6df2ca5e73d65f79000540/blade-trilogy-mid.jpg,,en,1299910470000,,Blade Trilogy,35
7085,MOVIE,The X-Men collection is based of the popular comic book of the same name by cult author Stan Lee. The story goes that people have developed mutations that give them special superhero like abilities. ,,748,http://cf1.imgobject.com/posters/31c/4d0892eb7b9aa101d400031c/x-men-collection-mid.jpg,,en,1300059428000,,X-Men Collection,129
8901,MOVIE,"Lethal Weapon is a buddy cop movie series starring Mel Gibson and Danny Glover. A total of four films have been made since the first one in 1987, and all have been a success at the box-office.",,945,http://cf1.imgobject.com/posters/328/4bc90e8d017a3c57fe005328/lethal-weapon-mid.jpg,,en,1302021430000,,Lethal Weapon Collection,154
9246,MOVIE,"The Austin Powers series is a series of comedy films written and produced by and stars Mike Myers as the title character, directed by Jay Roach and distributed by New Line Cinema. The films mainly spoof the James Bond, Derek Flint, Jason King and Matt Helm franchises, incorporate myriad other elements of popular culture and follows the British spy's quest to bring the villain Dr. Evil to justice.",http://www.austinpowers.com,1006,http://cf1.imgobject.com/posters/669/4bc90f0b017a3c57fe005669/austin-powers-mid.jpg,,en,1299812912000,"If he were any cooler, he'd still be frozen, baby!",Austin Powers Collection,116
9536,MOVIE,The Harry Potter films are a fantasy series based on the series of seven Harry Potter novels by British writer J. K. Rowling.,,1241,http://cf1.imgobject.com/posters/2dc/4d0890467b9aa101d70002dc/harry-potter-collection-mid.jpg,,en,1299982991000,,Harry Potter Collection,201
10745,MOVIE,No overview found.,,1565,http://cf1.imgobject.com/posters/540/4bc9113d017a3c57fe006540/28-mid.jpg,,en,1301908387000,,28 Collection,125
10785,MOVIE,The times and tribulations of NYPD Detective John McClane covering nearly two decades,,1570,http://cf1.imgobject.com/posters/906/4d24ac215e73d65c2d000906/die-hard-collection-mid.jpg,,en,1301902366000,,Die Hard Collection,89
10817,MOVIE,No overview found.,,1575,http://cf1.imgobject.com/posters/2c9/4d0890ad7b9aa101dc0002c9/rocky-collection-mid.jpg,,en,1301902911000,,Rocky Collection,107
11336,MOVIE,No overview found.,,1657,http://cf1.imgobject.com/posters/b71/4bc9122d017a3c57fe006b71/zorro-mid.jpg,,en,1301905546000,,Zorro,343
11725,MOVIE,No overview found.,,1733,http://cf1.imgobject.com/posters/589/4c6df6fd5e73d65f7b000589/the-mummy-trilogy-mid.jpg,,en,1301902204000,,The Mummy Collection,509
12753,MOVIE,"The Evil Dead is a series of media that originated from a trilogy of horror films created by Sam Raimi. The films focus on the protagonist, Ashley ""Ash"" J. Williams, who is played by Bruce Campbell. Ash deals with ""deadites"", which are demons created by the Necronomicon.",,1960,http://cf1.imgobject.com/posters/f3c/4d62a4775e73d60c6d003f3c/evil-dead-series-mid.jpg,,en,1301906620000,,Evil Dead Series,65
13861,MOVIE,"The fairytale story of a large, strong, solitude-loving, intimidating ogre named Shrek, and his friends.",,2150,http://cf1.imgobject.com/posters/063/4bda8f58017a3c5d93000063/the-shrek-collection-mid.jpg,,en,1301912087000,,The Shrek Collection,262
14951,MOVIE,The Underworld series is a series of Romeo & Juliet-like vampire/werewolf films directed by Len Wiseman.,,2326,http://cf1.imgobject.com/posters/824/4bc91686017a3c57fe008824/underworld-collection-mid.jpg,,en,1301902674000,,Underworld Collection,67
15810,MOVIE,"Tomb Raider is a series of action-adventure movies, centering around the adventures of the female fictional British archaeologist Lara Croft.",,2467,http://cf1.imgobject.com/posters/9a1/4bc916b8017a3c57fe0089a1/tomb-raider-collection-mid.jpg,,en,1301904147000,,Tomb Raider Collection,137
15877,MOVIE,"The Bourne Trilogy is a series of novels by Robert Ludlum, which have been adapted to film in a series starring Matt Damon. The original three Jason Bourne novels are: The Bourne Identity (1980) The Bourne Supremacy (1986) The Bourne Ultimatum (1990) The film trilogy: The Bourne Identity (2002) The Bourne Supremacy (2004) The Bourne Ultimatum (2007)",,2504,http://cf1.imgobject.com/posters/2e5/4d088dcd7b9aa101de0002e5/the-bourne-films-mid.jpg,,en,1301903982000,,The Bourne Films,311
17198,MOVIE,No overview found.,,2806,http://cf1.imgobject.com/posters/3af/4c89450a5e73d66b5f0003af/american-pie-mid.jpg,,en,1301903979000,There's something about your first piece.,American Pie Collection,79
19257,MOVIE,"This is the story of ""E"" Easy Company, 506th Regiment of the 101st Airborne Division from their initial training starting in 1942 to the end of World War II. They parachuted behind enemy lines in the early hours of D-Day in support of the landings at Utah beach, participated in the liberation of Carentan and again parachuted into action during Operation Market Garden. They also liberated a concentration camp and were the first to enter Hitler's mountain retreat in Berchtesgarten. A fascinating t",http://www.hbo.com/band/,3294,http://cf1.imgobject.com/posters/809/4bc918db017a3c57fe009809/band-of-brothers-mid.jpg,tt0185906,en,1301901325000,,Band of Brothers,927
24191,MOVIE,No overview found.,,5039,http://cf1.imgobject.com/posters/12f/4c7eabd85e73d648de00012f/rambo-collection-mid.jpg,,en,1301902499000,,Rambo Collection,99
31509,MOVIE,"Following the exploits of two immortal Scottish highlanders Conner and Duncan Macleod. Born of different times and fighting throughout the centuries to gain the mystical prize. Spanning history friendship, devastating relationships and legendary battles each immortal learns that there seemingly never ending life is more of a curse than a gift. But for the sake of mankind they must go on fighting to survive until only one remains",,8050,http://cf1.imgobject.com/posters/268/4bd99e7d017a3c1c05000268/highlander-mid.jpg,,en,1301904625000,,Highlander Collection,68
31666,MOVIE,"A science fiction horror film franchise, focusing on Lieutenant Ellen Ripley (Sigourney Weaver) and her battle with an extraterrestrial lifeform, commonly referred to as ""the Alien"". Produced by 20th Century Fox, the series started with the 1979 film Alien, which led to three movie sequels, plus numerous books, comics and video game spinoffs.",,8091,http://cf1.imgobject.com/posters/d8f/4bc9206f017a3c57fe00cd8f/alien-mid.jpg,,en,1301901633000,,Alien Quadrilogy,298
32269,MOVIE,No overview found.,,8354,http://cf1.imgobject.com/posters/036/4c0f7b1d017a3c3519001036/ice-age-collection-mid.jpg,,en,1301902637000,,Ice Age Collection,78
32815,MOVIE,No overview found.,,8580,http://cf1.imgobject.com/posters/521/4c6dcc2a5e73d65f79000521/karate-kid-collection-mid.jpg,,en,1301902332000,,The Karate Kid Collection,187
32816,MOVIE,No overview found.,,8581,http://cf1.imgobject.com/posters/057/4c1223765e73d63925000057/a-nightmare-on-elm-street-mid.jpg,,en,1301902546000,,A Nightmare On Elm Street Collection,204
33635,MOVIE,"Bridget Jones is a franchise based on the fictional columnist with the same name. English writer Helen Fielding started her Bridget Jones's Diary column in The Independent in 1995, chronicling the life of Bridget Jones as a thirtysomething single woman in London as she tries to make sense of life and love with the help of a surrogate ""urban family"" of friends in the 1990s. ",,8936,http://cf1.imgobject.com/posters/081/4bc9233c017a3c57fe00e081/bridget-jones-collection-mid.jpg,,en,1301903471000,,Bridget Jones Collection,44
33666,MOVIE,No overview found.,,8945,http://cf1.imgobject.com/posters/52b/4c6df6425e73d65f7d00052b/mad-max-trilogy-mid.jpg,,en,1301903995000,,Mad Max Trilogy,63
34680,MOVIE,A series of movies where the lead character is murdered and then brought back to life to avenge their death. Their return to the world of the living is heralded by a crow.,,9436,http://cf1.imgobject.com/posters/4bc/4bc9260b017a3c57fe00f4bc/the-crow-collection-mid.jpg,,en,1301903256000,,The Crow Collection,32
34804,MOVIE,Racing movies involving hotted up cars and girls.,,9485,http://cf1.imgobject.com/posters/81d/4bc92680017a3c57fe00f81d/the-fast-and-the-furious-collection-mid.jpg,,en,1302018315000,,The Fast and the Furious Collection,49
34895,MOVIE,"Follows the expolits of Frank Martin, a professional ""transporter"" who delivers packages without questions.",,9518,http://cf1.imgobject.com/posters/578/4c6df77f5e73d65f7a000578/the-transporter-collection-mid.jpg,,en,1302041210000,,The Transporter Collection,126
35248,MOVIE,"The Mexico Trilogy is a series of films: El Mariachi, Desperado and Once Upon a Time in Mexico, all written, produced and directed by Robert Rodriguez, beginning in 1992 and ending in 2003 and distributed by Columbia Tristar which tell the continuing story of the movies' main character, ""El Mariachi"".",,9649,http://cf1.imgobject.com/posters/19c/4bc927d1017a3c57fe01019c/mexico-trilogy-mid.jpg,,en,1301904456000,,Mexico Trilogy,105
35729,MOVIE,No overview found.,,9743,http://cf1.imgobject.com/posters/2fb/4d0890117b9aa101d40002fb/hannibal-lecter-mid.jpg,,en,1301903565000,,Hannibal Lecter Collection,97
35730,MOVIE,American superhero films that are based on the Fantastic Four comic book and were directed by Tim Story,,9744,http://cf1.imgobject.com/posters/2d5/4d088f637b9aa101d70002d5/fantastic-four-collection-mid.jpg,,en,1301902891000,,Fantastic Four Collection,281
38668,MOVIE,"After escaping from kidnappers using makeshift power armor, billionaire inventor and weapons maker turns his creation into a force for good by fighting crime.",,10143,http://cf1.imgobject.com/posters/b44/4cc1e7927b9aa138da001b44/iron-man-collection-mid.jpg,,en,1301902872000,,Iron Man Collection,306
38830,MOVIE,No overview found.,,10194,http://cf1.imgobject.com/posters/2e6/4d0891df7b9aa101d70002e6/toy-story-collection-mid.jpg,,en,1301902586000,,Toy Story Collection,76
39736,MOVIE,No overview found.,,10453,http://cf1.imgobject.com/posters/0ad/4cae7b585e73d652b20000ad/poltergeist-collection-mid.jpg,,en,1302051274000,They're Here!,Poltergeist Collection,318
39743,MOVIE,No overview found.,,10460,http://cf1.imgobject.com/posters/aab/4d0d09555e73d6370e000aab/the-three-investigators-mid.jpg,,en,1302041882000,,The Three Investigators,354
39900,MOVIE,No overview found.,,10522,http://cf1.imgobject.com/posters/2e8/4d0891987b9aa101e40002e8/starship-troopers-collection-mid.jpg,,en,1301903308000,,Starship Troopers Collection,73
41773,MOVIE,The Olsen Gang is a movie series in 14 parts.,http://www.olsenbanden.dk/,11118,http://cf1.imgobject.com/posters/ba6/4bc93280017a3c57fe014ba6/olsen-banden-mid.png,,en,1301903256000,,The Olsen Gang,74
43065,MOVIE,No overview found.,,11582,http://cf1.imgobject.com/posters/38d/4bf75f20017a3c772b00038d/don-camillo-mid.jpg,,en,1301904182000,,Don Camillo,135
43353,MOVIE,No overview found.,,11685,http://cf1.imgobject.com/posters/5a5/4ca117c05e73d67b5f0005a5/collection-of-the-dead-mid.jpg,,en,1301903559000,,Collection of the Dead,504
43421,MOVIE,No overview found.,,11716,http://cf1.imgobject.com/posters/521/4bc935fe017a3c57fe016521/addams-family-mid.jpg,,en,1301903904000,,Addams Family,483
56909,MOVIE,No overview found.,,13800,http://cf1.imgobject.com/posters/c8b/4bc93f72017a3c57fe01ac8b/futurama-mid.jpg,,en,1301903923000,,Futurama: Monster Robot Maniac Fun Collection,316
58896,MOVIE,"Five films about Paul Kersey, an architect with no luck whatsoever. First His wife is murdered when their apartment is broken into, 8 years later his mentally ill daughter is raped and murdered. After all this Kersey is never the same and ends up taking on the drug lords and various criminals of the world.",,14377,http://cf1.imgobject.com/posters/a2e/4d8fd1657b9aa1675e002a2e/death-wish-collection-mid.jpg,,en,1301903709000,,Death Wish Collection,50
59784,MOVIE,"Madagascar is an animated film series produced by DreamWorks Animation. Voices of Ben Stiller, Jada Pinkett Smith, Chris Rock and David Schwimmer are featured in the films. The plot follows the adventures of story of four Central Park Zoo animals who have spent their lives in blissful captivity and are unexpectedly shipped back to Africa.",,14740,http://cf1.imgobject.com/posters/606/4bc9445b017a3c57fe01d606/madagascar-collection-mid.jpg,,en,1301904882000,,Madagascar Collection,68
61699,MOVIE,"Ultimate Fighting Championship (UFC) is a U.S.-based mixed martial arts (MMA) organization, currently recognized as the largest MMA promotion in the world- The UFC is owned and operated by Zuffa, LLC, headquartered in Las Vegas, Nevada. The UFC focuses on the heavier weight classes in MMA, to where as its sister promotion, the WEC, focuses on the lighter weights.",http://www.ufc.com/index.cfm,15538,http://cf1.imgobject.com/posters/334/4bc947c6017a3c57fe01f334/ufc-mid.jpg,,en,1301904331000,,UFC,155
64927,MOVIE,"The ""Bring It On"" franchise is a collection of films about two competing high school cheerleading squads.",,16698,http://cf1.imgobject.com/posters/c49/4bc94cda017a3c57fe021c49/bring-it-on-collection-mid.jpg,,en,1301906166000,,Bring It On Collection,34
65729,MOVIE,"Kenji and his friends in the club created an amateur comic book that imagined an apocalyptic future in which strange illnesses and bands of armed insurgents threatened to destroy the world. A fanatical cult known as Friend found the book and they've made it their business to turn it into a reality, and now Kenji and his old friends have to infiltrate the cult and stop them before it's too late.",http://www.4digitalmedia.com/20cb/,17149,http://cf1.imgobject.com/posters/7ef/4bc94e8f017a3c57fe0227ef/20-seiki-shonen-mid.jpg,,en,1302233111000,,20-seiki shônen,156
65892,MOVIE,"The character Hellboy is a demon who fights for the U.S. government and himself against dark forces including Nazis and Baba Yaga, in a series of tales that have their roots in folklore, pulp magazines, vintage adventure, and horror fiction.",www.hellboy.com,17235,http://cf1.imgobject.com/posters/a77/4bc94ed0017a3c57fe022a77/hellboy-collection-mid.jpg,,en,1302215278000,,Hellboy Collection,117
65943,MOVIE,"The Umbrella Corporation is the most powerful and influential commercial entity in the world. It holds its public dealings in medicine and health care. Secretly however, it holds its goldmine in military applications and bio weaponry. After the release of the deadly T-virus that turns its victims into mindless zombie like killers project Alice is activated with unforeseen consequences.",,17255,http://cf1.imgobject.com/posters/1f1/4c310fc65e73d63ccd0001f1/resident-evil-collection-mid.jpg,,en,1302215488000,,Resident Evil Collection,129
