nodeId:ID,:LABEL,description,genre,homepage,id,imageUrl,imdbId,language,lastModified,tagline,title,version
1050,MOVIE,"A collection of three short Anime stories by the Japanese Anime-Masters Koji Morimato, Tensai Okamuro and Otomo Katsuhiro.",Animation,,29,http://cf1.imgobject.com/posters/3e3/4bc901db017a3c57fe0003e3/memories-mid.jpg,,en,1300017445000,,Memories,173
4482,MOVIE,A series of films based on a series of books from the 1950’s called The Chronicles of Narnia by C.S. Lewis.,Family,,420,http://cf1.imgobject.com/posters/039/4d0bb73a5e73d60509000039/the-chronicles-of-narnia-mid.jpg,,en,1299995313000,,The Chronicles of Narnia,447
17831,MOVIE,The sci-fi comedy ghost fighting film series from the 80's.,Action,,2980,http://cf1.imgobject.com/posters/2b8/4bc91815017a3c57fe0092b8/ghostbusters-mid.jpg,,en,1301903486000,,Ghostbusters Collection,97
24599,MOVIE,"The series centers on a pair of police detectives—a Chinese police inspector and an American LAPD detective—as they go on a series of misadventures often involving corrupt crime figures. All three films received commercial success and incorporate elements of martial arts, and the buddy cop sub-genre.",Action,,5173,http://cf1.imgobject.com/posters/1b0/4d37d3777b9aa17af800e1b0/rush-hour-mid.jpg,,en,1301903980000,,Rush Hour,361
39740,MOVIE,No overview found.,Action,,10457,http://cf1.imgobject.com/posters/da3/4d6233b57b9aa154cf005da3/wong-fei-hung-mid.jpg,,en,1301919839000,,Once Upon a Time in China,176
40489,MOVIE,No overview found.,Comedy,,10709,http://cf1.imgobject.com/posters/a10/4bc93023017a3c57fe013a10/the-mighty-ducks-mid.jpg,,en,1301905231000,,The Mighty Ducks,97
52793,MOVIE,No overview found.,Drama,,12263,http://cf1.imgobject.com/posters/8f6/4bc938d2017a3c57fe0178f6/the-exorcist-mid.jpg,,en,1302071608000,,The Exorcist,384
60208,MOVIE,"2 Films about the cop duo nick named 'Bad Boys', blowing stuff up and crazy car chases. They get the job done but at an expensive cost.",Action,,14890,http://cf1.imgobject.com/posters/ca1/4bc94514017a3c57fe01dca1/bad-boys-mid.jpg,,en,1301903604000,,Bad Boys Collection,126
