nodeId:ID,:LABEL,description,genre,homepage,id,imdbId,language,lastModified,releaseDate,runtime,tagline,title,trailer,version
2181,MOVIE,The Arrival of a Train at la Ciotat Station - This 50 second film was the first film to be shown to the public. On January 6th 1896 the Lumière Brothers exhibited this single-reel film to an audience at a Parisian café making film history and making their audience run in sheer fright. ,Documentary,,160,tt0000012,en,1299531732000,-2335568400000,1,,L'Arrivée d'un train à la Ciotat,http://www.youtube.com/watch?v=57,29
19805,MOVIE,The true story of Frances Farmer's meteoric rise to fame in Hollywood and the tragic turn her life took when she was blacklisted.,Drama,,3526,tt0083967,en,1301908397000,407718000000,140,,Frances,http://www.youtube.com/watch?v=QJzj8dRRmbk,234
35547,MOVIE,No overview found.,Documentary,http://www.timamot.com,9704,tt1035433,en,1301904718000,1177192800000,72,,Tímamót,http://www.youtube.com/watch?v=565,41
43185,MOVIE,No overview found.,Comedy,,11629,tt0213802,en,1301905272000,1003960800000,89,,Legion of the Dead,http://www.youtube.com/watch?v=2891,81
69623,MOVIE,"The film is set during the events of Half-Life 2: Episode One. Isaac Kleiner is making his ""Kleinercasts"" on City 17's PA system, warning that the Citadel is set to explode at any moment, destroying much of the surrounding area. Members of the Resistance are fighting their way out of the city as Civil Protection holds them back.",Science Fiction,,18997,,en,1301416567000,1234479600000,6,,Half-Life: Escape from City-17,http://www.youtube.com/watch?v=2221,29
