nodeId:ID,:LABEL,description,genre,homepage,id,imageUrl,language,lastModified,tagline,title,version
2462,MOVIE,The Sin City series. Director Robert Rodriguez makes the legendary comic artist Frank Miller (Batman and Daredevil) into a series of films depicting his Sin City comics. The films however are not for children.,Action,,188,http://cf1.imgobject.com/posters/6b3/4bc904f5017a3c57fe0016b3/sin-city-mid.jpg,en,1300049073000,,Sin City,589
12820,MOVIE,No overview found.,Horror,,1974,http://cf1.imgobject.com/posters/9bc/4bc9144e017a3c57fe0079bc/the-grudge-mid.jpg,en,1301904758000,,The Grudge,173
21393,MOVIE,No overview found.,Comedy,,4246,http://cf1.imgobject.com/posters/2dc/4ce0ffa85e73d60f6c0002dc/scary-movie-mid.jpg,en,1301903899000,,Scary Movie,387
31337,MOVIE,"Located in Raccoon City, the lone survivor of a scientific experiment conducted by the Umbrella Corporation fights back against her captors.",Action,,7970,http://cf1.imgobject.com/posters/92e/4bc91fc9017a3c57fe00c92e/resident-evil-mid.jpg,en,1301905370000,,Resident Evil,345
32817,MOVIE,No overview found.,Horror,,8582,http://cf1.imgobject.com/posters/758/4bc921e0017a3c57fe00d758/halloween-mid.jpg,en,1301903756000,,Halloween,556
33577,MOVIE,No overview found.,Horror,,8917,http://cf1.imgobject.com/posters/26f/4c1deaa47b9aa117b200026f/hellraiser-mid.jpg,en,1301904890000,,Hellraiser,201
35704,MOVIE,No overview found.,Horror,,9735,http://cf1.imgobject.com/posters/64a/4bc92882017a3c57fe01064a/friday-the-13th-mid.jpg,en,1301903901000,,Friday the 13th,427
39739,MOVIE,No overview found.,Action,,10456,http://cf1.imgobject.com/posters/92f/4d6a8b767b9aa1362c00292f/dirty-harry-mid.jpg,en,1302018091000,,Dirty Harry,519
41257,MOVIE,No overview found.,Action,,10924,http://cf1.imgobject.com/posters/37d/4bc9316f017a3c57fe01437d/from-dusk-till-dawn-mid.jpg,en,1301903022000,,From Dusk Till Dawn,84
54229,MOVIE,No overview found.,Action,,12917,http://cf1.imgobject.com/posters/82d/4c096676017a3c7e9200082d/stargate-mid.jpg,en,1301905957000,,Stargate,383
56910,MOVIE,No overview found.,Action,,13801,http://cf1.imgobject.com/posters/c90/4bc93f72017a3c57fe01ac90/men-in-black-mid.jpg,en,1301903489000,,Men In Black,300
58497,MOVIE,One Man - 3 Impossible situations. Tom Berenger plays the role of a Marine Sniper expert brought out of retirement to help resolve the situation. Completing the mission is a must but what sacrifice will he have to make to succeed.,Action,,14246,http://cf1.imgobject.com/posters/9de/4be48a1f017a3c35b70009de/sniper-mid.jpg,en,1301923379000,,Sniper,262
