nodeId:ID,:LABEL,description,homepage,id,imdbId,language,lastModified,releaseDate,runtime,tagline,title,version
2463,MOVIE,The up and coming sequel based on the incredible artistic mind of Frank Miller and his comic book Sin City.,,189,tt0458481,en,1299833305000,1325372400000,0,,Sin City 2,92
4890,MOVIE,The third film in the Sin City series based on the comic book series with the same name by Frank Miller. ,,463,,en,1299531756000,1325372400000,0,,Sin City 3,35
9654,MOVIE,No overview found.,,1260,tt0447249,en,1299911684000,1148335200000,81,,Lotte from Gadgetville,65
11288,MOVIE,No overview found.,,1650,tt0263329,en,1300978012000,31532400000,75,,Haytabo,39
12437,MOVIE,No overview found.,,1905,tt0065465,en,1301907438000,31532400000,78,,Die Bettwurst,38
14160,MOVIE,No overview found.,http://www.killingpictures.com,2203,,en,1301906194000,-2208992400000,30,,Für ein paar Filme mehr...,14
14953,MOVIE,No overview found.,,2329,tt0880565,en,1301908618000,793234800000,90,,Wilsberg - Und die Toten lässt man ruhen,46
17530,MOVIE,No overview found.,,2903,tt0112410,en,1300978203000,815785200000,0,,Au petit Marguery,33
17880,MOVIE,No overview found.,,2986,tt0059680,en,1301907431000,2674800000,90,,Satan's Harvest,48
18538,MOVIE,No overview found.,,3094,tt0345690,en,1301907434000,1023400800000,13,,Nachtrausch,41
19390,MOVIE,No overview found.,http://www.ingolinosuperstars.com,3401,tt1181931,en,1301419669000,1167606000000,62,,"Scenes from the Sex Struggles at North Beverly Drive, Los Angeles, CA (Remix)",30
24420,MOVIE,No overview found.,,5085,tt0214228,en,1301419547000,473382000000,90,,L'ultimo giorno,43
31230,MOVIE,No overview found.,,7864,tt1024802,en,1300978544000,-2208992400000,87,,Wiedersehen in Verona,36
31254,MOVIE,No overview found.,,7869,tt0475953,en,1300978544000,1124834400000,14,,The Fest,83
31492,MOVIE,No overview found.,,8045,,en,1301908607000,1322521200000,0,,Manddrake,13
33543,MOVIE,No overview found.,,8907,tt1210063,en,1300978646000,1211493600000,31,,Gestern in Eden,45
33627,MOVIE,No overview found.,,8932,tt1090680,en,1301908498000,1199142000000,109,,Milh Hadha al-Bahr,50
36856,MOVIE,No overview found.,,9939,tt0306877,en,1300978907000,1009839600000,0,,The Chatroom,50
38927,MOVIE,No overview found.,,10231,tt0048091,en,1301907403000,-454726800000,87,,Foxfire,134
38932,MOVIE,No overview found.,,10233,tt0914376,en,1301908411000,1325372400000,0,,The Innocent Man,52
39372,MOVIE,No overview found.,,10317,tt1018765,en,1301907403000,1356994800000,0,,Our Brand Is Crisis,68
39374,MOVIE,No overview found.,,10318,tt1212008,en,1301417723000,1325372400000,0,,Est,68
52562,MOVIE,No overview found.,,12213,tt1382332,en,1301421320000,-2208992400000,10,,Remembering Whiskey,46
52803,MOVIE,"The war in Iraq is the backdrop as the Crosby, Stills, Nash, and Young ""Freedom of Speech Tour"" crisscrosses North America. Echoes of Vietnam-era anti-war sentiment abound as the band connects with today's audiences.",,12270,tt1157620,en,1301905711000,1201215600000,96,,CSNY/Déjà Vu,104
52811,MOVIE,No overview found.,,12274,tt0250465,en,1300979446000,-2208992400000,0,,Kathanayakudu Katha,42
52836,MOVIE,"Jagoannya boongan, setannya Kok Beneran?",,12302,tt1286633,en,1300979448000,-2208992400000,90,,Setannya kok beneran?,28
52935,MOVIE,No overview found.,,12428,tt1284576,en,1301908551000,1199142000000,116,,Bumazhnyy soldat,28
52962,MOVIE,No overview found.,,12433,tt1284577,en,1301908550000,1199142000000,0,,Gabbla,53
52988,MOVIE,No overview found.,,12442,tt0805498,en,1300979462000,-2208992400000,95,,Bonjour Michel,42
52991,MOVIE,No overview found.,,12443,tt1015231,en,1300979462000,-2208992400000,94,,Perlasca,46
53088,MOVIE,No overview found.,,12468,tt0098287,en,1301421318000,641512800000,107,,Sen no Rikyu,53
53092,MOVIE,No overview found.,,12469,tt0069260,en,1300979468000,110502000000,121,,Shinobugawa,33
53222,MOVIE,"John Hurt stars as a scandal-hit member of parliament, dispatched to the political backwaters of the European Commission in Brussels as penance for his failures. However, once there he stumbles upon a chemical weapons outrage that points to a sinister political-industrial conspiracy.",http://www.indiemoviesonline.com/watch-movies/the-comissioner,12512,tt0120640,en,1300979475000,-2208992400000,108,,The Commissioner,224
53363,MOVIE,No overview found.,,12557,tt1105299,en,1301416545000,1230764400000,0,,This Side of the Truth,213
53364,MOVIE,No overview found.,,12558,tt0302671,en,1300979483000,-2208992400000,94,,Das Jahr der ersten Küsse,32
53380,MOVIE,No overview found.,,12562,tt0290340,en,1301907745000,-2208992400000,0,,A dos aguas,45
53635,MOVIE,No overview found.,,12666,tt1059475,en,1301908516000,1219269600000,0,,Flashpoint,57
53676,MOVIE,No overview found.,,12680,tt0399664,en,1302023557000,-2208992400000,0,,Surviving the Terror,525
53677,MOVIE,No overview found.,,12681,tt0811164,en,1302023527000,-2208992400000,90,,You am I,389
53695,MOVIE,No overview found.,,12686,tt0403719,en,1302023450000,-2208992400000,0,,Zombie Massacre,268
53836,MOVIE,No overview found.,,12727,tt1148781,en,1300979509000,1180648800000,0,,Der Fährmeister,28
53838,MOVIE,No overview found.,,12728,tt0396737,en,1301908548000,1104534000000,90,,Mondlandung,30
53842,MOVIE,No overview found.,,12729,tt1038687,en,1301907364000,1104534000000,20,,Luca's Evangelium,29
53844,MOVIE,No overview found.,,12730,tt0380371,en,1300979509000,-2208992400000,90,,GSG 9 - Die Spezialeinheit,121
53854,MOVIE,No overview found.,,12733,tt0280366,en,1300979510000,126399600000,208,,Le secret des flamands,39
53957,MOVIE,No overview found.,,12786,tt0182948,en,1301907391000,915145200000,80,,Curiosity & the Cat,65
53963,MOVIE,No overview found.,,12788,tt0945501,en,1300979515000,-2208992400000,14,,Mein Leben,243
53964,MOVIE,No overview found.,,12789,tt0806675,en,1300979516000,1136070000000,0,,Nicht böse sein!,27
54014,MOVIE,No overview found.,,12798,tt0296144,en,1300979517000,1018562400000,102,,Il più bel giorno della mia vita,29
54023,MOVIE,No overview found.,,12801,tt0410006,en,1300979517000,1086386400000,96,,Gefangen,45
54059,MOVIE,No overview found.,,12809,tt1230464,en,1300979518000,-2208992400000,0,,Der Mond und andere Liebhaber,41
54060,MOVIE,No overview found.,,12810,tt0437984,en,1302022154000,-2208992400000,0,,The Dry Spell,74
54125,MOVIE,No overview found.,,12826,tt0079867,en,1301012502000,-2208992400000,0,,"Schöner Gigolo, armer Gigolo",89
54151,MOVIE,No overview found.,,12833,tt0812268,en,1301907391000,1356994800000,0,,The Last Pharaoh,41
54172,MOVIE,No overview found.,,12841,tt0155811,en,1300979523000,-2208992400000,0,,"Knutschen, kuscheln, jubilieren",73
54732,MOVIE,No overview found.,http://www.diaspo.de/feuerueberdeutschland2/,13118,,en,1301418301000,-2208992400000,332,,Feuer über Deutschland 2,491
54749,MOVIE,No overview found.,,13124,tt0188799,en,1300979559000,-2208992400000,0,,Karate Bear Fighter,71
54750,MOVIE,No overview found.,,13125,tt0165348,en,1300979560000,-2208992400000,0,,Karate Bull Fighter,219
55968,MOVIE,"Rubber Johnny is a six-minute experimental short film and music video directed by Chris Cunningham in 2005, using music composed by Aphex Twin. The name Rubber Johnny is drawn from a British slang for ""condom"" as well as a description of the main character, which explains the title sequence.",,13535,tt0441787,en,1301906721000,1119218400000,6,,Rubber Johnny,71
56518,MOVIE,No overview found.,,13746,tt0412298,en,1301905810000,-2208992400000,0,,Tout pour plaire,73
56521,MOVIE,No overview found.,,13749,tt0322999,en,1301906534000,-2208992400000,0,,Ze film,103
56542,MOVIE,No overview found.,,13755,tt0290321,en,1301415978000,1008457200000,0,,A Town Without Christmas,111
58438,MOVIE,No overview found.,,14229,tt0430676,en,1301009271000,1111186800000,93,,Ti piace Hitchcock?,87
58660,MOVIE,No overview found.,,14296,tt0496501,en,1301907348000,1072911600000,0,,Des manchots et des hommes,29
58692,MOVIE,"Hong Kong funnyman Ronald Cheng makes his writing and directorial debut with the Lunar New Year comedy It's a Wonderful Life. A welcome return to the wacky, feel-good movies of yesteryear, the film is packed with colorful characters, side-splitting antics, and a host of silly celebrity cameos, ranging from Francis Ng as a gangster to Kelly Chen as the Goddess of Mercy. Vincent Kok, who directed Ch",,14309,tt0934964,en,1301904258000,1171407600000,105,,Sum seung si sing,54
58897,MOVIE,No overview found.,,14378,tt0880557,en,1302025455000,-2208992400000,0,,Bionic Woman,446
59580,MOVIE,No overview found.,,14617,tt1065291,en,1301908003000,-2208992400000,0,,All the Good Ones Are Married,481
59605,MOVIE,No overview found.,,14627,tt0251032,en,1301908608000,998517600000,0,,Crooked Earth,64
60024,MOVIE,No overview found.,,14840,tt0263388,en,1301908587000,-2208992400000,0,,Gölge oyunu,26
60139,MOVIE,No overview found.,,14865,tt1251732,en,1301908538000,-2208992400000,0,,Glasdjävulen,38
60159,MOVIE,No overview found.,,14870,tt0379027,en,1301908540000,1083362400000,0,,Tod einer Hostess,29
60630,MOVIE,No overview found.,,15072,tt0386710,en,1300980081000,-2208992400000,0,,Perfect moment - L'aventure continue,161
60924,MOVIE,No overview found.,,15203,tt0087123,en,1301908443000,-2208992400000,93,,Davitelj protiv davitelja,30
60938,MOVIE,No overview found.,,15210,tt1322288,en,1300980109000,-2208992400000,0,,Coronation Street: Out of Africa,49
60958,MOVIE,No overview found.,,15234,tt0166221,en,1301908565000,852073200000,0,,The Hunted,64
60983,MOVIE,No overview found.,,15245,tt0480912,en,1302169434000,1094680800000,0,,Living Hell,69
61479,MOVIE,No overview found.,http://www.roadside-dokumentarfilm.de,15463,tt1660410,en,1300980148000,1220306400000,41,,Shortcut to Justice,46
61489,MOVIE,A French espionage thriller playing in Zürich.,,15468,tt0082342,en,1301419000000,380934000000,98,,"Espion, lève-toi",40
61556,MOVIE,No overview found.,,15490,tt1553000,en,1300980153000,1219874400000,148,,Homam,32
61851,MOVIE,No overview found.,,15586,tt0213338,en,1301908585000,-2208992400000,0,,Kaubôi bibappu,32
62227,MOVIE,No overview found.,,15733,tt0401442,en,1301421326000,-2208992400000,0,,Vince Neil's Girls Girls Girls,247
64116,MOVIE,No overview found.,,16278,tt0107833,en,1300980291000,733874400000,88,,A Place To Be Loved,32
64302,MOVIE,No overview found.,,16343,tt0461701,en,1301656071000,-2208992400000,93,,Rose,792
64378,MOVIE,No overview found.,,16369,,en,1301908553000,-2208992400000,0,,Sk8terday,13
64560,MOVIE,No overview found.,,16447,tt0403692,en,1300980328000,-2208992400000,88,,Yeojaneun namjaui miraeda,27
64578,MOVIE,No overview found.,,16463,tt0392728,en,1301904573000,-2587683600000,0,,Roundhay Garden Scene,142
64583,MOVIE,No overview found.,,16464,tt0343112,en,1302120138000,-2587683600000,0,,Traffic Crossing Leeds Bridge,79
64635,MOVIE,No overview found.,,16526,tt0144834,en,1300980332000,-2208992400000,0,,Clowning Around,60
64721,MOVIE,No overview found.,,16591,tt0019975,en,1301904264000,-1265850000000,6,,Hell's Bells,41
64746,MOVIE,No overview found.,,16610,tt0923950,en,1301908474000,-2208992400000,4,,Der Traum,30
64748,MOVIE,No overview found.,,16612,tt0000001,en,1301905702000,-2398294800000,1,,Carmencita,36
64749,MOVIE,No overview found.,,16613,tt0000002,en,1301906716000,-2435446800000,0,,Le Clown et ses chiens,49
64773,MOVIE,No overview found.,,16622,tt0000004,en,1301907382000,-2435446800000,0,,Un bon bock,57
64774,MOVIE,No overview found.,,16624,tt0000005,en,1301906716000,-2429830800000,1,,Blacksmith Scene,48
65079,MOVIE,No overview found.,,16824,tt0369284,en,1302091820000,-2208992400000,32,,Blank,568
65536,MOVIE,No overview found.,,17036,tt1555283,en,1301595291000,-2208992400000,0,,Moguls,61
65600,MOVIE,No overview found.,,17083,tt1272015,en,1300980398000,-2208992400000,0,,Gletscherblut,26
65659,MOVIE,No overview found.,,17122,tt0196221,en,1301946380000,-2208992400000,106,,Y2K,62
65787,MOVIE,"Explores the true story of the notorious Jesse James, how the myth developed during his lifetime, and how the legends have persisted over 100 years after his death at the hands of his former friend, Robert Ford.",,17171,tt1201984,en,1301907380000,1199142000000,32,,The Assassination of Jesse James: Death of an Outlaw,34
65804,MOVIE,No overview found.,,17183,,en,1302228429000,-2208992400000,0,,Crest of the Stars: Vol 1,177
66274,MOVIE,No overview found.,,17432,tt1065099,en,1301655210000,-2208992400000,190,,My Friend Ganesha,245
66974,MOVIE,An ornithologist mistaken for an explosives expert is sent alone into a small French town during WWI to investigate a garbled report from the resistance about a bomb which the departing Germans have set to blow up a weapons cache.,,17685,tt0060908,en,1300980470000,-80096400000,102,,Le roi de coeur,94
67224,MOVIE,No overview found.,,17841,,en,1300980487000,-2208992400000,0,,"please delete me, I'm a duplicate",43
67482,MOVIE,No overview found.,,17974,tt0062271,en,1301907379000,-157770000000,0,,Signore & Signori,59
67492,MOVIE,No overview found.,,17988,tt0036947,en,1302194444000,-820544400000,85,,The Most Beautiful,51
67750,MOVIE,No overview found.,,18143,tt0373960,en,1302227523000,-2208992400000,5,,She and Her Cat,106
68292,MOVIE,No overview found.,,18382,tt0368780,en,1301418043000,-2208992400000,0,,High Octane 3,66
68440,MOVIE,No overview found.,,18448,tt0142998,en,1300980577000,108255600000,86,,Yasagure anego den: sôkatsu rinchi,27
68783,MOVIE,No overview found.,,18619,tt0783522,en,1301907266000,1136070000000,0,,Ghetto,89
68797,MOVIE,No overview found.,,18630,tt0120111,en,1300980603000,-2208992400000,0,,Sharpe's Waterloo,239
69471,MOVIE,No overview found.,,18934,tt0356371,en,1301594649000,1156197600000,68,,Arthur's Missing Pal,76
69569,MOVIE,No overview found.,,18980,tt0103960,en,1301416944000,-2208992400000,0,,The Christmas Stallion,601
69575,MOVIE,No overview found.,,18986,tt0880456,en,1301952772000,-2208992400000,0,,H.G. Wells' The War of the Worlds,190
69629,MOVIE,No overview found.,,19003,tt0437325,en,1301922363000,1167606000000,84,,The Mars Underground,57
69642,MOVIE,No overview found.,,19012,tt1286514,en,1301907393000,1125957600000,150,,Thomas & Friends: Calling All Engines!,75
69707,MOVIE,"Based on Geoffrey Fletcher’s book, this captivating documentary exposes the real London of the swinging sixties. Turning its back on familiar sights, the film explores the hidden details of a crumbling metropolis. With James Mason as our Guide, we are led on an tour of the weird and wonderful pockets of London from abandoned music-halls to egg breaking factories.",,19054,tt0061914,en,1301908519000,-94698000000,53,,The London Nobody Knows,62
69831,MOVIE,"20 years on from their major label debut, Guns n' Roses are rising from the ashes once more. On Film brings you the best broadcast full length performances of a sensational career, alongside the candid reflections and insights of band members, industry insiders and the best music critics in the business.",,19115,,en,1302225161000,1201474800000,110,,Guns 'N' Roses - On Film,45
70504,MOVIE,No overview found.,,19406,tt1373122,en,1300980721000,-2208992400000,0,,Los dioses rotos,52
70554,MOVIE,No overview found.,,19443,tt0867480,en,1301417658000,-2208992400000,0,,Yo Gabba Gabba!,147
70555,MOVIE,No overview found.,,19444,tt0271984,en,1302021997000,-2208992400000,92,,Bad Karma,528
70583,MOVIE,No overview found.,,19487,tt1151649,en,1300980728000,-2208992400000,270,,Die Patin - Kein Weg zurück,53
70584,MOVIE,No overview found.,,19488,tt0309292,en,1302214826000,-2208992400000,100,,Passionate People,476
70661,MOVIE,No overview found.,,19522,tt0482497,en,1301906365000,-2208992400000,0,,Dual,235
70808,MOVIE,Seven friends are going camping at the infamous DeCamp acres for a weekend. But they crash their car and are put in the woods guarded by a psychopath killer who tries to kill them one by one.,,19604,tt0118951,en,1300980746000,883609200000,92,,Decampitated,63
70857,MOVIE,No overview found.,,19622,tt0144204,en,1300980748000,-2208992400000,0,,First Man to the Moon,108
71169,MOVIE,No overview found.,,19788,tt0166443,en,1300980765000,883609200000,273,,Der Laden,41
71214,MOVIE,No overview found.,,19818,tt0465809,en,1300980769000,-2208992400000,0,,Faites entrer l'accusé,74
71260,MOVIE,No overview found.,,19839,tt0045092,en,1301419261000,-539744400000,78,,The Ringer,60
71279,MOVIE,No overview found.,,19853,tt0855525,en,1301908581000,-2208992400000,0,,Little red tractor 6,33
71365,MOVIE,No overview found.,,19921,tt1415888,en,1302018425000,-2208992400000,72,,Ocean Voyagers,131
71453,MOVIE,"From the most dangerous director in XXX comes the most mindbending porno flick yet: Blacklight Beauty, filled with backroom gangbangs, pussy wrestling, unfaithful girlfriends, oral fixations, obsessions and randy circus acts. Jarring, rocking, hypnotic and twisted, and starring twelve of the most sexually aggressive women in the world, Blacklight Beauty is a sinematic smorgasbord - feast on it. ",,19970,tt0938289,en,1302215194000,-2208992400000,106,,Blacklight Beauty,249
