nodeId:ID,:LABEL,description,genre,homepage,id,language,lastModified,releaseDate,runtime,tagline,title,version
2465,MOVIE,A German Documentary about the “village of friendship” that was created by American Veteran George Mizo to help the Vietnamese kids suffering from the Vietnam War.,Documentary,,190,en,1299531744000,998690400000,52,,Das Dorf der Freundschaft,14
10326,MOVIE,No overview found.,Animation,,1434,en,1299532012000,1068764400000,5,,Zippeldy & Fetterig,17
12400,MOVIE,No overview found.,Comedy,,1898,en,1301905346000,578440800000,90,,Game Out,108
14311,MOVIE,No overview found.,Documentary,,2221,en,1301907290000,1072911600000,55,,Eddie Cochran & Friends,52
14449,MOVIE,No overview found.,Documentary,,2238,en,1301908631000,1041375600000,60,,Juke Box Revival - Rock'n'Roll Vol. 2,35
14499,MOVIE,No overview found.,Documentary,,2244,en,1301906761000,946681200000,67,,The Beach Boys - California Surfin,35
14510,MOVIE,No overview found.,Documentary,,2245,en,1301904724000,1009839600000,141,,Green Lights Blue Skies,60
15378,MOVIE,No overview found.,Thriller,,2399,en,1301906760000,631148400000,30,,Hitchhiker: Windows,21
16136,MOVIE,No overview found.,Horror,,2601,en,1301908617000,1127685600000,45,,Der Fluch des Waldes,23
17010,MOVIE,No overview found.,Documentary,,2772,en,1301908615000,1104534000000,38,,Florida - Der Sonnenstaat,21
17013,MOVIE,No overview found.,Documentary,,2773,en,1301908618000,1104534000000,43,,Ägypten - Nil und Pyramiden,20
17014,MOVIE,No overview found.,Documentary,,2774,en,1300978190000,1104534000000,34,,Nationalparks der USA,18
17015,MOVIE,No overview found.,Documentary,,2775,en,1301417780000,1104534000000,35,,Karibik Träume,22
17016,MOVIE,No overview found.,Documentary,,2776,en,1300978190000,1104534000000,41,,Die Inseln Hawaii,30
17357,MOVIE,No overview found.,Drama,www.ijbiermann.com,2847,en,1301833100000,-2208992400000,6,,Scherzo,26
17367,MOVIE,No overview found.,Drama,www.ijbiermann.com,2851,en,1301904478000,1128808800000,11,,Pulsar,41
17370,MOVIE,No overview found.,Comedy,www.ijbiermann.com,2852,en,1301908615000,1128808800000,31,,Stuart Dee,30
17543,MOVIE,No overview found.,Drama,,2905,en,1301906646000,1134860400000,107,,Yo tengo un corazón que quiere hundir mi cuerpo en los mares de ilusión,36
18918,MOVIE,No overview found.,Thriller,,3153,en,1301907429000,1009926000000,13,,La légende des phares,28
18929,MOVIE,No overview found.,Comedy,,3156,en,1300978234000,1116108000000,55,,Tu vas rire mais je vais te tuer,28
18936,MOVIE,No overview found.,Thriller,,3157,en,1301906757000,1128895200000,35,,Une affaire pornographique,31
18940,MOVIE,No overview found.,Horror,,3158,en,1301906087000,1164841200000,55,,Il canile,33
19219,MOVIE,No overview found.,Documentary,,3286,en,1301417778000,1104534000000,15,,Island - Insel im Norden,116
19531,MOVIE,No overview found.,Drama,,3428,en,1301908347000,1212616800000,45,,Frühlings Erwachen - Eine Kindertragödie,38
19753,MOVIE,No overview found.,Documentary,,3514,en,1301907428000,1104534000000,9,,Selbstportrait 1,26
19759,MOVIE,No overview found.,Documentary,,3516,en,1301906755000,1104534000000,12,,largo e mesto,16
20635,MOVIE,No overview found.,Drama,,3901,en,1300978272000,528937200000,7,,Deszcz,22
20644,MOVIE,No overview found.,Drama,,3920,en,1301419653000,641599200000,15,,Primavera,73
20646,MOVIE,No overview found.,Drama,,3921,en,1301419651000,560386800000,10,,Wiatr,33
20924,MOVIE,No overview found.,Documentary,,4044,en,1301907426000,986940000000,90,,Le Club: Claude Jade,20
24052,MOVIE,"A Dutch documentary about the history of the anrchist punk band Crass. The film features archive footage of the band and interviews with former members Steve Ignorant, Penny RimbThe film features archive footage of the band and interviews with former members Steve Ignorant, Penny Rimbaud and Gee Vaucher.",Documentary,,4981,en,1301907421000,1136070000000,70,,There is no authority but yourself,24
24265,MOVIE,No overview found.,Musical,,5057,en,1300978370000,1128290400000,6,,Wig the Dick,23
24562,MOVIE,No overview found.,Road Movie,,5166,en,1301903689000,1193871600000,85,,Nadia,57
24639,MOVIE,No overview found.,Documentary,,5182,en,1301904476000,55206000000,65,,Mr. Europe,27
24847,MOVIE,No overview found.,Erotic,,5246,en,1301905801000,1041375600000,90,,Blue Rain,63
24940,MOVIE,No overview found.,Documentary,,5263,en,1301419544000,1184364000000,3,,Ist das Licht im Kühlschrank wirklich aus?,25
25726,MOVIE,No overview found.,Documentary,http://moviemientos.de/,5606,en,1301908601000,1167606000000,80,,Oaxaca - Zwischen Rebellion und Utopie,16
25965,MOVIE,No overview found.,Comedy,,5655,en,1301302607000,1195945200000,65,,Dairy of Terror,20
26575,MOVIE,No overview found.,Drama,,5758,en,1301907418000,-2208992400000,0,,See Me Feel Me: Keith Moon Naked for Your Pleasure (2009),22
26649,MOVIE,No overview found.,Documentary,,5771,en,1301907418000,320713200000,30,,Uschi,36
26650,MOVIE,No overview found.,Documentary,,5772,en,1301906176000,63068400000,68,,Pornography in Hollywood,26
26690,MOVIE,No overview found.,Erotic,,5798,en,1301907418000,-63162000000,3,,Bedtime Surprise,36
26770,MOVIE,The movie shows an ever changing painting of a woman surrounded by man. Or is a man looking out over the hills at sunset?,Animation,,5819,en,1301908610000,-2208992400000,6,,Schilderij,16
28844,MOVIE,No overview found.,Documentary,,6383,en,1301905338000,1172185200000,20,,Podium,55
29403,MOVIE,No overview found.,Science Fiction,,6578,en,1301419475000,879721200000,75,,Der Tag des Jorun,18
31251,MOVIE,No overview found.,Drama,,7868,en,1300978544000,1138402800000,0,,Nur ein Kuss,19
31308,MOVIE,This action thriller is both a feature and an early piece of interactive entertainment to be transmitted through fiber cable tv.,Action,,7914,en,1301908588000,931298400000,90,,Blackfire,51
31524,MOVIE,No overview found.,Comedy,,8057,en,1302020567000,-2208992400000,0,,Love Kills,756
33141,MOVIE,No overview found.,Documentary,http://uncountedthemovie.com/,8770,en,1301907359000,1199142000000,81,,Uncounted,30
33152,MOVIE,No overview found.,Drama,,8774,en,1301905712000,-237603600000,0,,Warsaw,115
33772,MOVIE,No overview found.,Horror,,8969,en,1301906739000,1211148000000,60,,Die andere Dimension - 22:22,22
33888,MOVIE,No overview found.,Action,,9004,en,1301907426000,1230764400000,0,,BioShock,46
42182,MOVIE,No overview found.,Documentary,,11261,en,1301906156000,1141167600000,11,,Tutmosis,26
42542,MOVIE,No overview found.,Animation,http://www.faustderfilm.com/,11409,en,1302046319000,1230764400000,86,,Faust,102
52826,MOVIE,No overview found.,Drama,,12282,en,1300979447000,1215727200000,25,,Bis zur Unendlichkeit,23
52828,MOVIE,No overview found.,Crime,,12285,en,1301904997000,1034200800000,90,,In Sachen Signora Brunetti,21
52910,MOVIE,No overview found.,Comedy,,12418,en,1301906182000,1219788000000,17,,Eve,83
53408,MOVIE,No overview found.,Comedy,,12575,en,1301906152000,931989600000,95,,The Long Hello and Short Goodbye,27
53871,MOVIE,No overview found.,Crime,,12760,en,1301904264000,1195772400000,88,,Unter Verdacht: Das Geld anderer Leute,26
54142,MOVIE,No overview found.,Road Movie,,12831,en,1301906152000,863647200000,95,,Amerikana,136
57166,MOVIE,No overview found.,Action,,13847,en,1301063997000,-2208992400000,0,,Alibi,478
59244,MOVIE,No overview found.,Comedy,,14470,en,1300979874000,-2208992400000,0,,Sick and Twisted - Revenge of the evil shorts,13
65073,MOVIE,No overview found.,Comedy,,16809,en,1302020845000,-2208992400000,0,,Love & Sex,284
68843,MOVIE,No overview found.,Comedy,,18650,en,1301906845000,-2208992400000,0,,Miss Julie,209
69010,MOVIE,No overview found.,Action,,18754,en,1302140960000,-2208992400000,0,,Mysterious Island,1147
70772,MOVIE,No overview found.,Action,,19586,en,1301517845000,-2208992400000,0,,Days Of Darkness,500
