nodeId:ID,:LABEL,description,genre,homepage,id,imdbId,language,lastModified,releaseDate,runtime,studio,tagline,title,trailer,version
3292,MOVIE,Oliver doesn’t have a family so he steals one.,Comedy,,270,tt0997275,en,1299531764000,1193871600000,98,miko-film,,Wir sagen Du! Schatz.,http://www.youtube.com/watch?v=426,60
12224,MOVIE,Take The Bridge is a 2007 independent film from Sergio M. Castilla about four young adults who all try to commit suicide on the same day and how they meet up and become friends. The film Premiering at the 2007 Tribeca Film Festival. ,Drama,http://takethebridge-movie.com/,1861,tt0427925,en,1301904969000,1167606000000,87,Angel Baby Entertainment,,Take The Bridge,http://www.youtube.com/watch?v=76,92
13450,MOVIE,No overview found.,Comedy,http://guitarmen-themovie.com/,2083,tt1328622,en,1301904719000,1182981600000,70,Killing Pictures,,Guitar Men: The Darkest Secret of Rock 'n Roll,http://www.youtube.com/watch?v=134,53
14114,MOVIE,No overview found.,Drama,http://www.soundsofsand.be/,2197,tt0889222,en,1301904692000,1178056800000,96,MEDIA Programme of the European Union,,Si le vent soulève les sables,http://www.youtube.com/watch?v=149,54
17242,MOVIE,No overview found.,Thriller,,2820,tt0451035,en,1301903361000,1102201200000,42,Vivàsvan Pictures,,Deed Poll,http://www.youtube.com/watch?v=460,66
17389,MOVIE,No overview found.,Drama,,2856,tt1533792,en,1301906762000,1228086000000,60,Vivàsvan Pictures,,Half Past Ten,http://www.youtube.com/watch?v=458,60
21186,MOVIE,"March/April 1917. The first world war is already a couple year to pace. A sealed train with Russian emigrants keeps on driving from Zürich Germany and Sweden to Sint-Petersburg. The outlaws stand under the guidance of Vladimir J. Lenin. Two senior officers support the revolutionary bomb ""to ensure that everything runs smoothly. Yet there are some unpleasant clashes between Socialists and enthusiastic workers who are worried about the war. During train travel there comes an end to Lenin's affair ",Drama,,4196,tt0174862,en,1301905650000,641426400000,198,TF1 Films Productions,,Lenin: The Train,http://www.youtube.com/watch?v=bGYRa-rTtzw,72
23350,MOVIE,The story of hip hip behind the iron curtain.,Documentary,http://www.herewecome.de/,4767,tt1300240,en,1301908343000,1136070000000,87,Filmakademie Baden-Württemberg,,Here We Come,http://www.youtube.com/watch?v=NQccUubmaNs,138
23739,MOVIE,No overview found.,Crime,,4910,tt0066053,en,1301907129000,21942000000,89,Excalibur Films,,The Man Who Haunted Himself,http://www.youtube.com/watch?v=qFxVWaDdNII,66
26592,MOVIE,No overview found.,Drama,http://www.hannahtakesthestairs.com/,5761,tt0841108,en,1301905385000,1173567600000,83,Film Science,,Hannah Takes the Stairs,http://www.youtube.com/watch?v=bf0ksFCaeI8,150
31757,MOVIE,No overview found.,Documentary,,8201,tt1160008,en,1301906745000,1202598000000,86,MBB Medienboard Berlin-Brandenburg,,Football Undercover,http://www.youtube.com/watch?v=514,44
31809,MOVIE,Music documentary by director Rafael Marziano Tinoco from Venezuela,Documentary,,8212,tt1500903,en,1301906946000,1238536800000,133,Makatoa Media Producciones,,Swing con Son,http://www.youtube.com/watch?v=488,86
32821,MOVIE,"My Beautiful Jinjiimaa is an emotional romantic drama in a setting few in the U.S. have ever seen. A deaf woman, Jinjiimaa, is raped by the local party Chairman, and shoots her attacker. Her lifelong friend, lame farmer Sukhee, goes to prison for six years for Jinjimaa’s crime. The film begins with his return, where Sukhee and Jinjiimaa meet—each with a secret.",Drama,,8585,,en,1302063073000,1204585200000,80,Cinema Epoch,,My Beautiful Jinjiimaa,http://www.youtube.com/watch?v=536,139
41790,MOVIE,No overview found.,Horror,http://diario-thepuzzle.blogspot.com/,11124,tt1236399,en,1301904885000,1206399600000,5,73140323 Producciones Cinematográficas,,The Puzzle,http://www.youtube.com/watch?v=597,123
53425,MOVIE,No overview found.,Drama,,12581,tt1260396,en,1301418613000,1210802400000,103,Thaleia Productions,,7 Days,http://www.youtube.com/watch?v=uZHQRkWkGfo,136
