nodeId:ID,:LABEL,description,homepage,id,imageUrl,imdbId,language,lastModified,runtime,tagline,title,version
3841,MOVIE,An adventure that didn’t end 65 Million years ago… Steven Spielberg gives us on of the biggest blockbusters of the 1990’s with the Jurassic Park films. This trilogy of films brings all our childhood fantasies to life with dinosaurs interacting with humans – yet don’t get the idea that this was a friendly meeting…,http://www.jurassicpark.com/,328,http://cf1.imgobject.com/posters/1ec/4cff8afd7b9aa1514a0061ec/jurassic-park-series-mid.jpg,,en,1299808321000,349,An Adventure 65 Million Years In The Making.,Jurassic Park Series,38
9724,MOVIE,"A double-bill of thrillers. ""Grindhouse"" is presented as one full-length feature comprised of two individual films helmed separately by each director. ""Death Proof,"" is a rip-roaring slasher flick where the killer pursues his victims with a car rather than a knife, while ""Planet Terror"" shows us a view of the world in the midst of a zombie ooutbreak.",http://www.grindhousemovie.net/,1270,http://cf1.imgobject.com/posters/aa8/4bc90fa8017a3c57fe005aa8/grindhouse-mid.jpg,tt0462322,en,1300089273000,191,,Grindhouse,184
22724,MOVIE,"The Vengeance Trilogy (Korean: 복수 삼부작) are three films, Sympathy for Mr. Vengeance (2002), Oldboy (2003), Sympathy for Lady Vengeance (2005), directed by South Korean film director Park Chan-wook, which dealt with the themes of ""revenge, violence and salvation"".",,4563,http://cf1.imgobject.com/posters/337/4d7ea2fc5e73d644d3000337/the-vengeance-trilogy-mid.jpg,,en,1302056538000,361,,The Vengeance Trilogy,579
65588,MOVIE,"The story revolves around a blind boy named Mohammed who is released from his special school in Tehran for summer vacation. His father, shamed and burdened by Mohammed's blindness, arrives late to pick him up and then tries to convince the headmaster to keep Mohammed over the summer. The headmaster refuses, so Mohammed's father eventually takes him home.",,17078,http://cf1.imgobject.com/posters/5be/4bc94e4a017a3c57fe0225be/rang-e-khoda-mid.jpg,tt0191043,en,1302192509000,90,,Rang-e khoda,42
