nodeId:ID,:LABEL,description,homepage,id,imageUrl,language,lastModified,tagline,title,version
4612,MOVIE,The series of Canadian films about people stuck inside a giant seemingly endless cube maze. They must find out why they are there and how they can get out. The film started with an extremely low budgeted. The first film ‘Cube’ became a cult film.,,432,http://cf1.imgobject.com/posters/2cf/4c18a02d5e73d64a220002cf/cube-movie-series-mid.jpg,en,1299810634000,,Cube Movie Series,26
5383,MOVIE,The British award winning Plasticine animated short films about the adventures of clumsy absent-minded Wallace and his dog and best friend Gromit.,,529,http://cf1.imgobject.com/posters/df5/4bc90873017a3c57fe002df5/wallace-gromit-mid.jpg,en,1299813035000,,Wallace & Gromit,74
8849,MOVIE,The Pink Panther is a movie series of live action mixed with animation totaling in six official films and three not official films. The main character is a clumsy inspector named Jacques Clouseau who is played by Peter Sellers in the official Pink Panther films. Today The Pink Panther is the famous trademark of a huge franchise. ,,937,http://cf1.imgobject.com/posters/e78/4d4252f85e73d65729000e78/the-pink-panther-collection-mid.jpg,en,1301947586000,,The Pink Panther Collection,291
17451,MOVIE,"The movie is an epic-length revenge drama, with homages to earlier film genres, such as Hong Kong martial arts movies, Japanese samurai movies and Italian spaghetti westerns; an extensive use of popular music and pop culture references; and aestheticization of violence.",,2883,http://cf1.imgobject.com/posters/136/4bc917da017a3c57fe009136/kill-bill-collection-mid.jpg,en,1301902654000,,Kill Bill Collection,242
32784,MOVIE,"Superman was born on the planet Krypton, before being rocketed to Earth as an infant by his scientist father, moments before Krypton's destruction. Discovered and adopted by a Kansas farmer and his wife, the child is raised as Clark Kent and imbued with a strong moral compass. Very early he started to display superhuman abilities, which he resolved to use for the benefit of humanity.",,8537,http://cf1.imgobject.com/posters/730/4bc921d9017a3c57fe00d730/superman-collection-mid.jpg,en,1301905548000,,Superman Collection,454
33365,MOVIE,"A collection of movies created by the comedic genius of the Monty Python team: Graham Chapman, John Cleese, Terry Gilliam, Eric Idle, Terry Jones, and Michael Palin.",,8857,http://cf1.imgobject.com/posters/cd8/4bc922b4017a3c57fe00dcd8/monty-python-collection-mid.jpg,en,1301903538000,,Monty Python Collection,53
33578,MOVIE,"Mutants and monsters attack people who are ""unfortunate enough"" to be stranded near the desert...",,8918,http://cf1.imgobject.com/posters/ff9/4bc92329017a3c57fe00dff9/the-hills-have-eyes-collection-mid.jpg,en,1301904954000,,The Hills Have Eyes Collection,55
33806,MOVIE,"Wayne Campbell and Garth Algar are the hosts of Wayne's World, a local Friday late-night cable access program based in Aurora, Illinois, where they ogle pictures of beautiful celebrity women, play air guitar and drums, and interview local people, indirectly making fun of them over the course of the interview.",,8979,http://cf1.imgobject.com/posters/2be/4bc92392017a3c57fe00e2be/wayne-s-world-collection-mid.jpg,en,1301905528000,,Wayne's World Collection,210
39713,MOVIE,No overview found.,,10441,http://cf1.imgobject.com/posters/043/4c31196c5e73d640bc000043/babylon-5-mid.jpg,en,1302056531000,,Babylon 5,416
41268,MOVIE,No overview found.,,10928,http://cf1.imgobject.com/posters/142/4d86e36a7b9aa12edd004142/national-lampoon-s-mid.jpg,en,1301903482000,,National Lampoon's,710
42337,MOVIE,No overview found.,,11341,http://cf1.imgobject.com/posters/641/4caa42445e73d643ed000641/die-lummel-von-der-ersten-bank-mid.jpg,en,1301904716000,,Die Lümmel von der ersten Bank,16
58038,MOVIE,No overview found.,,14095,http://cf1.imgobject.com/posters/af9/4bc9412c017a3c57fe01baf9/hadashi-no-gen-mid.jpg,en,1301670710000,,Hadashi no Gen,214
59450,MOVIE,No overview found.,,14563,http://cf1.imgobject.com/posters/f6c/4bc9439f017a3c57fe01cf6c/the-ring-trilogy-mid.jpg,en,1301905188000,,The Ring Trilogy,63
59738,MOVIE,No overview found.,,14706,http://cf1.imgobject.com/posters/488/4cc9a2485e73d65024000488/ultimate-avengers-mid.jpg,en,1301904064000,,Ultimate Avengers,280
62030,MOVIE,"World Extreme Cagefighting (WEC) is an American mixed martial arts (MMA) promotion. It is the sister promotion to the Ultimate Fighting Championship (UFC), both owned and produced by Zuffa, with a focus on the lighter weight classes (155, 145, 135, & 125 lbs). The WEC uses the same rules as its older and much larger sibling, and holds its matches in a smaller octagonal cage.",http://www.wec.tv/,15679,http://cf1.imgobject.com/posters/90c/4bc94873017a3c57fe01f90c/wec-mid.jpg,en,1301416040000,,WEC,131
65794,MOVIE,"The Jackass movies feature people performing various dangerous, crude, ridiculous, and self-injuring stunts and pranks.",,17178,http://cf1.imgobject.com/posters/8d6/4bc94ea5017a3c57fe0228d6/jackass-collection-mid.jpg,en,1302229356000,,Jackass Collection,306
66412,MOVIE,NOVA details the story of the technological and political mistakes that made the U.S. lose out to the Soviet's bleeping electronic basketball.,,17500,http://cf1.imgobject.com/posters/153/4bc94fb7017a3c57fe023153/sputnik-declassified-mid.jpg,en,1301416698000,,Sputnik Declassified,214
67272,MOVIE,"Iron man, On the Inside.  Distant Boundaries.  Armor Wars - part One.  Armor Wars - part Two.  Empowreed.  Hulkbuster.  Hands of the Mandarin - Part One.  Hands of the Mandarin - Part Two.  Plus two bonus episodes from the original 60's series: Double Disaster.  Enter Hawkeye.",,17884,http://cf1.imgobject.com/posters/bac/4bc950e4017a3c57fe023bac/iron-man-marvel-and-jetix-animated-dvd-mid.jpg,en,1300980490000,,Iron Man - Marvel and Jetix Animated DVD,84
67415,MOVIE,No overview found.,http://www.crusty.com/,17950,http://cf1.imgobject.com/posters/e1f/4bc9512c017a3c57fe023e1f/crusty-demons-mid.jpg,en,1302200016000,,Crusty Demons,335
70471,MOVIE,No overview found.,,19387,http://cf1.imgobject.com/posters/9fb/4bc9566b017a3c57fe0269fb/the-x-files-mid.jpg,en,1301903548000,,The X-Files,637
71011,MOVIE,"Far til fire er et fænomen i dansk familieunderholdning - oprindelig en tegneserie, siden en filmserie, en række bøger og senest en teaterforestilling. I alle varianter handler Far til fire om en familie, bestående af en far og hans fire børn: storesøsteren Søs, tvillingerne Ole og Mie samt lillebroderen Lille Per.",http://www.fartilfire.dk/,19692,http://cf1.imgobject.com/posters/20d/4bc95752017a3c57fe02720d/far-til-fire-mid.jpg,en,1301905824000,,Far til Fire,37
71031,MOVIE,"Rejseholdet, med den engelske titel Unit One, er en Emmy-belønnet dansk dramaserie, der blev vist første gang på DR1 i 2000 - 2003[1].    Serien var den første danske tv-serie, der vandt en Emmy-pris, hvilket skete i kategorien Bedste Internationale Dramaserie.    Serien er en skildring af det rigtige rejsehold. Tv-serien viser dens hovedpersoner på deres arbejde i rejseholdet.",,19712,http://cf1.imgobject.com/posters/294/4bc9575f017a3c57fe027294/rejseholdet-mid.png,en,1301417392000,,Rejseholdet,15
71283,MOVIE,"Nikolaj og Julie er en Emmy-vindende dansk romantisk drama-tv-serie på 22 afsnit, som blev sendt første gang på DR1 i 2002 - 2003.    I 2003 vandt serien en Emmy-pris i kategorien Bedste Internationale Dramaserie.  ",,19870,http://cf1.imgobject.com/posters/646/4bc957c2017a3c57fe027646/nikolaj-og-julie-mid.png,en,1301417322000,,Nikolaj og Julie,33
