nodeId:ID,:LABEL,description,genre,homepage,id,language,lastModified,tagline,title,version
4847,MOVIE,Sissi is a trilogy of 1950 films starring Romy Schneider and Karlheinz Böhm and is part of the classic German-Austrian film history and some of the most successful German language films in box-office history.,Romance,,456,en,1299990724000,,Sissi,60
12819,MOVIE,No overview found.,Horror,,1972,en,1302025723000,,Ju-on,254
15841,MOVIE,No overview found.,Horror,,2473,en,1301905967000,,The Hitchhiker,278
19020,MOVIE,No overview found.,Action,,3169,en,1301906797000,,Doctor Dolittle,798
20656,MOVIE,No overview found.,Comedy,,3924,en,1301906720000,,Blondie,72
33221,MOVIE,No overview found.,Family,,8819,en,1301908326000,,Casper,177
34053,MOVIE,No overview found.,Action,,9055,en,1302022436000,,Police Story,434
34089,MOVIE,No overview found.,Horror,,9068,en,1301907557000,,The Prophecy,490
34387,MOVIE,No overview found.,Action,,9329,en,1302020677000,,Young Guns,996
34906,MOVIE,No overview found.,Comedy,,9521,en,1301906773000,,Look Who's Talking,127
36266,MOVIE,No overview found.,Action,,9818,en,1301906247000,,Mortal Kombat,273
39737,MOVIE,No overview found.,Drama,,10454,en,1302042053000,,Dracula,702
40505,MOVIE,No overview found.,Family,,10721,en,1301905195000,,Mimic,99
41117,MOVIE,No overview found.,Action,,10892,en,1301904186000,,Tremors,87
41118,MOVIE,No overview found.,Comedy,,10893,en,1301905840000,,Critters,104
41243,MOVIE,No overview found.,Drama,,10919,en,1301904184000,,The Omen,434
41836,MOVIE,No overview found.,Comedy,,11138,en,1301905959000,,Beethoven,168
42223,MOVIE,No overview found.,Action,,11294,en,1301908313000,,Pusher,376
43553,MOVIE,No overview found.,Comedy,,11794,en,1301906944000,,Ginger Snaps,118
52207,MOVIE,No overview found.,Comedy,,12075,en,1301905469000,,Elling,155
52209,MOVIE,No overview found.,Comedy,,12077,en,1301906250000,,St. Trinian's,139
53696,MOVIE,No overview found.,Drama,,12687,en,1301903760000,,Psycho,455
