nodeId:ID,:LABEL,description,homepage,id,language,lastModified,tagline,title,version
5116,MOVIE,The Shaft film trilogy starring the lovable black bad-ass detective John Shaft. The films were a revolution in the film industry for using black actors in lead roles.,,495,en,1299808564000,,Shaft Movie Series,48
5123,MOVIE,The trilogy from Lars von Trier named after a myth of the same name. ,,498,en,1300045843000,,Heart Of Gold,270
7086,MOVIE,A series of four cult films starring Margeret Rutherford as Miss Marple.,,749,en,1300059171000,,Miss Marple,224
11099,MOVIE,No overview found.,,1617,en,1301905879000,,Erkan & Stefan,22
11371,MOVIE,No overview found.,,1664,en,1301906185000,,Edgar Wallace,41
11778,MOVIE,No overview found.,,1759,en,1302019273000,,Duck Tales,387
12721,MOVIE,No overview found.,,1952,en,1301906763000,,USA - Land of Opportunities,32
14539,MOVIE,No overview found.,,2248,en,1301908542000,,Torrente,257
14952,MOVIE,No overview found.,,2328,en,1301906721000,,Wilsberg,14
15865,MOVIE,No overview found.,,2488,en,1301907428000,,Les Amours sous la Révolution,146
16318,MOVIE,No overview found.,,2643,en,1301907451000,,Zuijia Paidang,33
16825,MOVIE,No overview found.,,2741,en,1301908527000,,Au théâtre ce soir,56
17652,MOVIE,No overview found.,,2955,en,1301906715000,,Homunculus,32
19016,MOVIE,No overview found.,,3167,en,1302020749000,,Ace Ventura,838
19699,MOVIE,No overview found.,,3487,en,1301905725000,,Drums of Fu Manchu,369
22622,MOVIE,No overview found.,,4545,en,1301906619000,,G-Man Jerry Cotton,135
24687,MOVIE,No overview found.,,5202,en,1301906548000,,Wilde Orchidee,19
25249,MOVIE,No overview found.,,5455,en,1301906356000,,Red Shoes Diaries,264
28081,MOVIE,No overview found.,,6124,en,1301908505000,,Der Mann ohne Namen,21
30953,MOVIE,No overview found.,,7505,en,1301905337000,,"Fire, Earth, Water",165
32382,MOVIE,No overview found.,,8384,en,1301908587000,,Proletariat Trilogy,95
32383,MOVIE,No overview found.,,8385,en,1301906640000,,Loser Trilogy,35
32446,MOVIE,No overview found.,,8412,en,1301905992000,,Anatomie,62
33192,MOVIE,No overview found.,,8783,en,1301906715000,,Feivel,15
33366,MOVIE,No overview found.,,8858,en,1301906771000,,Rennschwein Rudi Rüssel,14
33667,MOVIE,No overview found.,,8946,en,1301907412000,,Didi,43
33910,MOVIE,No overview found.,,9014,en,1301907708000,,ProSieben Funny Movie,510
34145,MOVIE,No overview found.,,9088,en,1301416132000,,Der kleine Eisbär,14
34337,MOVIE,No overview found.,,9309,en,1301907413000,,Winnetou,35
34539,MOVIE,No overview found.,,9380,en,1302042852000,,American Werewolf,1477
34679,MOVIE,No overview found.,,9435,en,1301907182000,,Schweinchen Babe,26
34850,MOVIE,No overview found.,,9500,en,1301905822000,,Werner,60
35703,MOVIE,No overview found.,,9734,en,1301908286000,,The Lion King,523
39124,MOVIE,No overview found.,,10262,en,1301905448000,,Goal,177
39738,MOVIE,No overview found.,,10455,en,1302049703000,,Chucky,304
39893,MOVIE,No overview found.,,10517,en,1301904999000,,Le Gendarme de St. Tropez,53
40727,MOVIE,No overview found.,,10789,en,1301908017000,,Pet Sementary,51
41162,MOVIE,No overview found.,,10901,en,1301908023000,,Pokémon,131
41356,MOVIE,No overview found.,,10964,en,1301418750000,,Plattfuß,14
41833,MOVIE,No overview found.,,11136,en,1301903816000,,The Muppets,294
41843,MOVIE,No overview found.,,11140,en,1301905126000,,Dr. Mabuse,175
43739,MOVIE,No overview found.,,11875,en,1301907306000,,Pippi Langstrumpf,24
43843,MOVIE,No overview found.,,11924,en,1301908602000,,Michel aus Lönneberga,62
52230,MOVIE,No overview found.,,12087,en,1301906356000,,Herbie,276
52357,MOVIE,No overview found.,,12141,en,1302019601000,,3 Men,1187
52539,MOVIE,No overview found.,,12203,en,1301906715000,,Jui kuen,38
52800,MOVIE,No overview found.,,12267,en,1302048707000,,Immenhof,49
52827,MOVIE,No overview found.,,12283,en,1302017899000,,Donna Leon,24
55754,MOVIE,No overview found.,,13464,en,1301419075000,,Totally Board,59
56382,MOVIE,No overview found.,,13684,en,1301009787000,,High School Musical,311
66178,MOVIE,Four best girlfriends pass around a pair of secondhand jeans that fits each of their bodies perfectly.,,17368,en,1301905010000,,The Sisterhood of the Traveling Pants Collection,44
69965,MOVIE,No overview found.,,19160,en,1301416131000,,FernGully Collection,77
69967,MOVIE,No overview found.,,19162,en,1301906035000,,8MM Collection,113
