nodeId:ID,:LABEL,description,homepage,id,imdbId,language,lastModified,releaseDate,runtime,studio,tagline,title,version
5442,MOVIE,The humorous portrait of a female artist. The film follows the career of 24-year-old Janine F. who in 2002 caused a commotion from the rooftop of a Berlin building.,,538,tt0485662,en,1299531829000,1076454000000,52,Filmakademie Baden-Württemberg,,Janine F.,28
14297,MOVIE,No overview found.,,2220,tt0068758,en,1301908362000,84063600000,95,DEFA,,Januskopf,59
14487,MOVIE,No overview found.,,2242,tt0057211,en,1301302612000,-197341200000,90,DEFA,,Julia lebt,55
15264,MOVIE,No overview found.,,2385,tt0092521,en,1301415415000,556322400000,88,Bac Films,,Agent Trouble,70
17167,MOVIE,Jakob Yzermans is an American salesman looking for his roots in Rotterdam. He thinks his father (Hendrik Yzermans) has left Holland with the money he took from his collegues. Jakob is trying to get the money together to repay the money. While doing so he encounters more and more problems.,,2802,tt0352178,en,1301906179000,1043362800000,70,Riba Filmproductions,,De Arm Van Jezus,48
19377,MOVIE,No overview found.,,3398,tt1055308,en,1301906756000,1066255200000,88,Jürgen Brüning Filmproduktion,,Rich and Scary: Independent Soap Movie Experience,37
20420,MOVIE,No overview found.,,3690,tt0154339,en,1301906637000,-136170000000,90,Towers of London Productions,,City of Fear,133
20430,MOVIE,No overview found.,,3694,tt0060323,en,1301907427000,-102733200000,0,Atlántida Films,,"Che notte, ragazzi!",28
21859,MOVIE,No overview found.,,4373,tt0066113,en,1301419613000,11401200000,96,Metro-Goldwyn-Mayer,,"My Lover, My Son",38
22247,MOVIE,No overview found.,,4463,tt0047022,en,1300978310000,-482720400000,100,Deutsche London Film Verleih GmbH,,Geständnis unter vier Augen,55
22658,MOVIE,No overview found.,,4554,tt0059468,en,1301905715000,-129430800000,89,Allianz,,Mordnacht in Manhattan,67
23893,MOVIE,No overview found.,,4941,tt0892384,en,1301418663000,1325372400000,0,Cherry Road Films LLC,,White Jazz,81
24366,MOVIE,No overview found.,,5077,tt0266738,en,1301907283000,73522800000,35,Bert Klettenr Filmproduction,,Magic Graz,47
24378,MOVIE,No overview found.,,5078,tt0072641,en,1301906750000,157762800000,88,Alexandra Films,,"Amori, letti e tradimenti",35
25084,MOVIE,No overview found.,,5298,tt0284427,en,1301908338000,820450800000,82,Republic Pictures,,Red Shoe Diaries 13: Four on the Floor,48
25469,MOVIE,No overview found.,,5509,tt0177775,en,1301906749000,820450800000,11,Darc Productions,,"Finders, Keepers",200
30261,MOVIE,No overview found.,,7057,tt0076022,en,1301908620000,297471600000,93,DEFA,,Feuer unter Deck,48
32253,MOVIE,No overview found.,,8350,tt0903624,en,1301908589000,1355871600000,0,New Line Cinema,,The Hobbit,82
52431,MOVIE,No overview found.,,12174,tt1087829,en,1301908631000,1220047200000,94,ARP Sélection,,Aide-toi et le ciel t'aidera,37
52849,MOVIE,No overview found.,,12313,tt0409732,en,1301905702000,1098223200000,92,Perathon Film-und Fernsehproduktions GmbH,,Bergkristall,41
53220,MOVIE,No overview found.,,12510,tt0297750,en,1300979474000,1002664800000,105,Saga Film,,Au-delà de Gibraltar,26
53709,MOVIE,No overview found.,,12691,tt0943234,en,1301908566000,1221602400000,0,novapool production,,Unschuld,58
53710,MOVIE,No overview found.,,12692,tt0327226,en,1301907392000,1031781600000,90,Radio Bremen,,Verrückt nach Paris,38
54047,MOVIE,No overview found.,,12807,tt0410410,en,1300979518000,1112306400000,86,Bandonéon,,Oublier Cheyenne,67
54075,MOVIE,No overview found.,,12814,tt0117336,en,1300979519000,841874400000,114,A.M.A. Film,,"Pianese Nunzio, 14 anni a maggio",38
59156,MOVIE,"Michael Madhana Kamarajan is a 1991 Tamil film directed by Singeetam Srinivasa Rao, starring Kamal Haasan and Crazy Mohan. Kamal had distinguished each character with his body language and language lingo for example Michael has a husky voice, Madan an English accent, Kameshwaran speaks Palakad Tamil and Raju madras language. The film tells a story of quadruplets. The screenplay is credited to Kamal himself, while the story is by Kadher Kashmiri.",,14445,tt0140377,en,1301908137000,662684400000,167,P A Art Productions,,Michael Madana Kamarajan,42
59492,MOVIE,No overview found.,,14581,,en,1300979912000,1104534000000,0,Blank Paper Studios,,91 Words for Snow,19
59881,MOVIE,No overview found.,,14775,tt0212936,en,1301906476000,938037600000,90,Radical Media,,Erskineville Kings,67
61625,MOVIE,"When Agnes Browne's husband died, she discovered something amazing... Herself.",,15506,tt0160509,en,1301904614000,942015600000,92,Hell's Kitchen Films,,Agnes Brown,99
61697,MOVIE,No overview found.,,15536,tt0448189,en,1301848684000,-2208992400000,116,NRK Drama,,Deadline Torp,58
62611,MOVIE,"Cid is dumped by his girlfriend on the evening of their 15th anniversary due to his failure to propose. One year later, Cid is still reeling from the break up & deals with the social stigmas of being in your 30's and single. In his struggle to find his identity outside of a relationship, Cid balances the influences of Myron and Shannon, a happy married couple, & Manolis, a devout anti-monogamist.",,15914,tt1388325,en,1301615580000,-2208992400000,0,Death Ray Films,,The Anniversary,266
65977,MOVIE,"Documentary on the French-Algerian conflict 1954-1962 which was never officially called a ""war"", including interviews with some of the survivors.",,17283,tt0104374,en,1300980423000,-2208992400000,240,G.M.T. Productions,,La guerre sans nom,131
66111,MOVIE,No overview found.,,17354,tt0391564,en,1301907381000,1069974000000,0,MTV Films,,Zeca Pagodinho - Acústico MTV,32
66114,MOVIE,No overview found.,,17355,tt0287625,en,1301421291000,978303600000,96,Globo Filmes,,A Partilha,44
66148,MOVIE,No overview found.,,17359,tt0296108,en,1301907373000,915145200000,57,VideoFilmes,,Notícias de uma Guerra Particular,30
66840,MOVIE,"The true story of the birth, growth and coming of age of a leopard cub in Africa's Serengeti plain. The journey of ""The Leopard Son"" begins at his mother's side where he discovers, through play, essential skills for survival in the wild. As it is with humans, there inevitably comes the day when a child must leave his mother to go out on his own.",,17642,tt0116859,en,1301908525000,843775200000,87,Discovery Channel Productions,,The Leopard Son,52
67485,MOVIE,"Unfinished remake of ""My Favorite Wife"", due to the firing of Marilyn Monroe from the film. She was eventually re-hired, but died in August, 1962. Film was never completed.",,17976,tt0217055,en,1302067126000,-252464400000,37,Twentieth Century-Fox Film Corporation,,Something's Got to Give,44
69634,MOVIE,"Frank visits his friend Josef, who introduces him to his pedigree rabbits and his wife Mary. Frank is more interested in the slightly unsettling fact that Josef and Mary's garden fence is entirely made up of living people holding hands. Finally, Frank asks Josef how he manages to keep the fence together..",,19009,tt0063833,en,1301908313000,-63162000000,17,Krátký Film Praha,,Zahrada,59
71487,MOVIE,No overview found.,,19984,tt0302935,en,1300980793000,1015542000000,90,FilmPeople,,Polle Fiction,50
