nodeId:ID,:LABEL,description,genre,homepage,id,language,lastModified,releaseDate,runtime,studio,tagline,title,version
10504,MOVIE,No overview found.,Drama,,1490,en,1299532016000,1166482800000,8,Filmakademie Baden-Württemberg,,Singendes Wasser,25
13986,MOVIE,No overview found.,Musical,,2177,en,1301905288000,-2208992400000,110,Österreichischer Rundfunk,,Falco L.I.V.E.,98
14428,MOVIE,No overview found.,Documentary,,2235,en,1301302610000,1072911600000,60,Time Warner,,"Earth, Wind & Fire",68
14434,MOVIE,No overview found.,Documentary,,2236,en,1301908620000,1072911600000,50,BBC Films,,Bob Dylan - TV Live & Rear 1963 - 1975,17
17361,MOVIE,No overview found.,Drama,www.ijbiermann.com,2849,en,1301906179000,1102201200000,4,Deutsche Film- und Fernsehakademie Berlin,,Prélude,21
17374,MOVIE,No overview found.,Drama,www.ijbiermann.com,2853,en,1301905718000,-2208992400000,8,Deutsche Film- und Fernsehakademie Berlin,,Klavierstunde,23
17398,MOVIE,No overview found.,Drama,,2858,en,1301908032000,1230764400000,67,Vivàsvan Pictures,,Blues,148
22149,MOVIE,No overview found.,Drama,,4440,en,1301905717000,1285884000000,0,Vivàsvan Pictures,,Herzensschrei,20
24564,MOVIE,No overview found.,Drama,,5167,en,1301906633000,1194130800000,96,Radio Télévision Belge Francophone,,Nightrain,36
26676,MOVIE,No overview found.,Documentary,,5778,en,1301421338000,5094000000,79,Horizon Pictures,,Dansk sexualitet,19
28093,MOVIE,No overview found.,Comedy,,6127,en,1301908594000,-1546304400000,0,Projektions-AG Union,,Gelbe Bestien,29
28435,MOVIE,No overview found.,Thriller,,6202,en,1301908593000,1054504800000,12,Bavaria Film,,Thri3ller,19
28846,MOVIE,No overview found.,Drama,www.rounds.de,6384,en,1301416545000,1196895600000,29,Filmakademie Baden-Württemberg,,Rounds,159
30321,MOVIE,No overview found.,Horror,,7178,en,1301903202000,-2208992400000,0,Popcorn Productions,,Deadly Obsession,887
30461,MOVIE,Critical portrait of a director trying to make a movie.,Drama,,7266,en,1301906172000,1167606000000,96,Honto production,,Chin fe de yi zi shen chun zi dao,30
30515,MOVIE,No overview found.,Drama,,7275,en,1301904720000,948322800000,7,Arte,,La Rampe,30
31065,MOVIE,No overview found.,Crime,"http://wilsberg.zdf.de/ZDFde/inhalt/6/0,1872,1020646,00.html?dr=1",7519,en,1301906743000,1175896800000,0,ZDF,,Wilsberg – Die Wiedertäufer,22
31385,MOVIE,No overview found.,Musical,,7981,en,1300978550000,1218405600000,5,Vivàsvan Pictures,,herzwärts,27
31646,MOVIE,No overview found.,Action,,8086,en,1301905712000,1230764400000,0,Warner Bros. Pictures,,Justice League of America,53
32122,MOVIE,No overview found.,Comedy,,8320,en,1301907414000,1230764400000,0,Patriot Pictures,,Ye Old Times,133
32416,MOVIE,No overview found.,Documentary,,8394,en,1301906178000,1184450400000,45,Roadside-Dokumentarfilm,,Brigadistas,20
33185,MOVIE,No overview found.,Crime,,8781,en,1301905336000,1199142000000,90,Aruna Films,,Tiny Town,177
33406,MOVIE,No overview found.,Thriller,,8876,en,1301907369000,1104102000000,22,WR Films,,The Blacklist,66
33411,MOVIE,No overview found.,Drama,,8877,en,1301419402000,1115503200000,0,MCM Productions,,Life in a Flash,35
34803,MOVIE,No overview found.,Action,,9484,en,1300978759000,1230764400000,0,UGC,,Rebellion,44
42525,MOVIE,No overview found.,Comedy,,11407,en,1300979257000,1199142000000,0,Filmakademie Baden-Württemberg,,Der Schlüssel zum Erfolg,33
42536,MOVIE,No overview found.,Drama,,11408,en,1301908557000,1167606000000,13,Filmakademie Baden-Württemberg,,Kurz:Ivan,27
52602,MOVIE,No overview found.,Documentary,,12218,en,1301904260000,1199142000000,0,Mínimo Producciones,,Púbol - Dalí de-construction,23
52866,MOVIE,No overview found.,Crime,,12402,en,1301908614000,1256943600000,90,Vivàsvan Pictures,,Tagebuch einer erotischen Mörderin,14
