nodeId:ID,:LABEL,description,homepage,id,imageUrl,imdbId,language,lastModified,runtime,studio,tagline,title,version
10866,MOVIE,No overview found.,,1582,http://cf1.imgobject.com/posters/080/4c8eb3495e73d61491000080/teenage-mutant-ninja-turtles-collection-mid.jpg,,en,1301903167000,365,Warner Bros Pictures,Heroes in a Half Shell.,Teenage Mutant Ninja Turtles Collection,54
10991,MOVIE,Mission: Impossible is a series of three a secret agent thriller films starring Tom Cruise and based on the popular television series.,,1606,http://cf1.imgobject.com/posters/074/4c8e716e5e73d6141b000074/mission-impossible-ultimate-missions-collection-mid.jpg,tt0117060,en,1301902549000,359,Paramount Pictures,Expect the Impossible,Mission: Impossible Ultimate Missions Collection,170
11599,MOVIE,No overview found.,,1709,http://cf1.imgobject.com/posters/01c/4c8ea5065e73d6149500001c/planet-of-the-apes-series-mid.jpg,,en,1301902708000,605,Twentieth Century-Fox,"Somewhere in the universe there must be something better than man. In a matter of time, an astronaut will wing through the centuries and find the answer. He may find the most terrifying one of all on the planet where apes are the rulers and man the beast.",Planet of the Apes Series,177
16145,MOVIE,No overview found.,,2602,http://cf1.imgobject.com/posters/03e/4c8eaebd5e73d6149500003e/scream-collection-mid.jpg,,en,1301903985000,347,Dimension Films,Don't Answer The Phone. Don't Open The Door. Don't Try To Escape.,Scream Collection,443
17145,MOVIE,"The Chronicles of Riddick is a science fiction series, spanning a number of films and video games. ""The Chronicles of Riddick"" is also the title of the second film in the series. The series follows the exploits of the character Richard B. Riddick and the universe in which they take place.",http://www.thechroniclesofriddick.com/,2794,http://cf1.imgobject.com/posters/0bf/4bc917cb017a3c57fe0090bf/the-chronicles-of-riddick-mid.jpg,,en,1301902669000,282,Universal Studios,All the power in the universe can't change destiny,Chronicles of Riddick Series,71
25617,MOVIE,No overview found.,,5547,http://cf1.imgobject.com/posters/022/4c8ea8d15e73d61492000022/robocop-series-mid.jpg,,en,1302019204000,324,Orion Pictures Corporation,Part man. Part machine. All cop. The future of law enforcement.,RoboCop Series,237
59451,MOVIE,No overview found.,,14564,http://cf1.imgobject.com/posters/f71/4bc943a0017a3c57fe01cf71/the-ring-3-mid.jpg,tt0498381,en,1301417851000,0,DreamWorks,You stop living the moment you want to die,The Ring 3,112
