nodeId:ID,:LABEL,description,genre,homepage,id,imdbId,language,lastModified,runtime,studio,tagline,title,version
11835,MOVIE,No overview found.,Action,,1784,tt1486570,en,1301516584000,0,Dino De Laurentiis Company,,Barbarella,164
30820,MOVIE,No overview found.,Fantasy,,7444,tt0483646,en,1301417757000,0,Gold Circle Films,,If You Could See Me Now,109
30824,MOVIE,No overview found.,Drama,,7447,tt0455814,en,1301904628000,70,Maguire Entertainment,,Tokyo Suckerpunch,79
30825,MOVIE,No overview found.,Comedy,,7448,tt0465581,en,1301906322000,90,New Line Cinema,,Quiet Type,84
31706,MOVIE,No overview found.,Crime,,8142,tt0429087,en,1301906742000,0,Warner Bros. Pictures,,Shantaram,45
53717,MOVIE,"Description : Belgium, 1943. The situation is becoming unbearable for the Field family : antisemitic persecutions become common and violent. Joseph Field, the father, rebels against the occupying army. He is arrested and deported. Esther, his wife, decides to go “underground”: she enters the clandestinity. She gives her oldest son to look after with Hermann, her father-in-law. He knows an escape n",Drama,,12693,,en,1300979505000,0,Saga Film,,Rondo,64
