nodeId:ID,:LABEL,description,homepage,id,language,lastModified,releaseDate,runtime,studio,tagline,title,version
12722,MOVIE,No overview found.,,1953,en,1301907438000,1230764400000,0,Zentropa Entertainments,,Wasington,41
24211,MOVIE,No overview found.,,5046,en,1301420851000,-2208992400000,0,Liquidamber Films,,Cats and Trees,52
35098,MOVIE,No overview found.,,9590,en,1300978783000,1230764400000,0,Jerry Weintraub Productions,,The Belmont Boys,55
39407,MOVIE,No overview found.,,10332,en,1301907977000,1352415600000,0,Universal Pictures,,Ouija,42
42288,MOVIE,No overview found.,,11320,en,1301907783000,1230764400000,0,Recorded Picture Company,,The Talking Cure,32
