nodeId:ID,:LABEL,description,genre,homepage,id,imageUrl,language,lastModified,releaseDate,runtime,tagline,title,version
13692,MOVIE,No overview found.,Animation,,2120,http://cf1.imgobject.com/posters/283/4bc915ab017a3c57fe008283/cedric-mid.jpg,en,1301908351000,1136070000000,11,,Cedric,63
42269,MOVIE,No overview found.,Drama,,11311,http://cf1.imgobject.com/posters/80c/4ccc71195e73d6502500080c/sass-die-meisterdiebe-mid.jpg,en,1301903476000,1004133600000,127,,Sass - Die Meisterdiebe,28
52715,MOVIE,No overview found.,Action,http://www.danielpschenk.com/gamersday/index.htm,12243,http://cf1.imgobject.com/posters/7e6/4bc938a3017a3c57fe0177e6/a-gamer-s-day-mid.jpg,en,1301903929000,1086040800000,39,,A Gamer's Day,35
60725,MOVIE,No overview found.,Action,,15109,http://cf1.imgobject.com/posters/45e/4bc945f5017a3c57fe01e45e/turbo-mid.jpg,en,1301490946000,-2208992400000,0,,Turbo,206
60741,MOVIE,No overview found.,Action,,15112,http://cf1.imgobject.com/posters/46d/4bc945f9017a3c57fe01e46d/it-s-always-snowing-somewhere-mid.jpg,en,1300980091000,-2208992400000,0,,It's Always Snowing Somewhere,102
60750,MOVIE,No overview found.,Action,,15117,http://cf1.imgobject.com/posters/486/4bc945fe017a3c57fe01e486/realtime-mid.jpg,en,1301463711000,-2208992400000,0,,REALTIME,247
60842,MOVIE,No overview found.,Family,,15164,http://cf1.imgobject.com/posters/66a/4bc9463d017a3c57fe01e66a/baby-songs-abc-123-colors-shapes-mid.jpg,en,1301905697000,-2208992400000,0,,"Baby Songs - ABC, 123, Colors & Shapes",45
61850,MOVIE,"Life Story -  Made with his authorization and full participation, Barry shares his memories throughout with motor racing legend and friend Murray Walker. With further anecdotes from family and many celebrities from the world of racing.",Sports Film,,15585,http://cf1.imgobject.com/posters/5af/4bc9480b017a3c57fe01f5af/the-barry-sheene-story-mid.jpg,en,1301906922000,-2208992400000,0,,The Barry Sheene Story,154
62566,MOVIE,"Meet sweet Princess Petunia as the Veggie friends get medieval in this timeless story of love, courage, and flying pies! Sweet Petunia, a charming young rhubarb, is forced to flee her home and live in a tree stump in a foreign land! When the Duke (Larry the Cucumber) learns of the Princess's plight, he risks his life to help her and learns that true love means thinking of others first.",Family,,15882,http://cf1.imgobject.com/posters/041/4bc94945017a3c57fe020041/veggietales-duke-and-the-great-pie-war-mid.jpg,en,1301906468000,-2208992400000,0,,VeggieTales: Duke and the Great Pie War,216
62576,MOVIE,"Archibald Aparagus and the French Peas attempt to produce ""the world's first all-vegetable staging of Shakespeare's Hamlet,"" the first-ever ""Classy Songs with Larry,"" and the world premiere of Gilbert and Sullivan's lost musical: Lyle the Kindly Viking!",Family,,15890,http://cf1.imgobject.com/posters/085/4bc94949017a3c57fe020085/veggietales-lyle-the-kindly-viking-mid.jpg,en,1301286013000,-2208992400000,0,,VeggieTales: Lyle the Kindly Viking,136
62721,MOVIE,Bob and Larry learn that God still loves them even when the future doesn't work out quite the way they had hoped.,Family,,15950,http://cf1.imgobject.com/posters/2dc/4bc94986017a3c57fe0202dc/veggietales-the-wonderful-world-of-auto-tainment-mid.jpg,en,1301908424000,-2208992400000,0,,VeggieTales: The Wonderful World of Auto-tainment,103
62742,MOVIE,"Mr. Nezzer's TV commercials have convinced all of Dinkletown that ""Christmas is when you get stuff!"" With the children whining and begging for more toys, it's sure to be the worst Christmas ever ... until one brave little Buzz-Saw Louie doll decides to take matters into his own hands! The Toy That Saved Christmas teaches children that ""Christmas isn't about getting, it's about giving.",Family,,15963,http://cf1.imgobject.com/posters/361/4bc94994017a3c57fe020361/veggietales-the-toy-that-saved-christmas-mid.jpg,en,1301905326000,-2208992400000,0,,VeggieTales: The Toy That Saved Christmas,90
63158,MOVIE,No overview found.,Family,,16104,http://cf1.imgobject.com/posters/981/4bc94a57017a3c57fe020981/blue-s-clues-blue-takes-you-to-school-mid.jpg,en,1301907249000,-2208992400000,0,,Blue's Clues - Blue Takes You to School,70
64515,MOVIE,No overview found.,Animation,,16424,http://cf1.imgobject.com/posters/5a1/4bc94bbc017a3c57fe0215a1/bob-the-builder-on-site-skyscrapers-mid.jpg,en,1301908379000,-2208992400000,0,,Bob the Builder: On Site - Skyscrapers,67
65050,MOVIE,Action Man returns to the Everglades to face his past after finding out that he was once a skullman working for Dr X. Action Man's lost memory holds the code to rid them of the missiles Dr X plans to re-activate. Includes 'Soul Of Evil' and 'We Come In Peace'.,Action,,16788,http://cf1.imgobject.com/posters/df9/4bc94d3d017a3c57fe021df9/action-man-past-performance-mid.jpg,en,1301419950000,-2208992400000,0,,Action Man - Past Performance,949
65052,MOVIE,"After being disbanded by the new Secretary General, Action Man and his team try to clear Norris from being branded a traitor when he is arrested for treason. Includes 'Skynap' and 'Crack Of Doom'.",Action,,16789,http://cf1.imgobject.com/posters/dfe/4bc94d3f017a3c57fe021dfe/action-man-the-outside-edge-mid.jpg,en,1302020983000,-2208992400000,0,,Action Man - The Outside Edge,52
70572,MOVIE,"Faster, Harder, Bolder, Newer, Creative and Damage Control... these are the six points of breakthrough in Masters of Stone VI. Speed Record on El Captain, High-Ball Bouldering, First Ascents, Speed Free Solo Racing, World’s Highest Slackline, Wingsuit in Norway, Parkour on Rock, and much more!",Action,,19462,http://cf1.imgobject.com/posters/b67/4bc95691017a3c57fe026b67/masters-of-stone-vi-mid.jpg,en,1301416720000,-2208992400000,0,,Masters of Stone VI,149
