nodeId:ID,:LABEL,description,homepage,id,language,lastModified,releaseDate,runtime,tagline,title,version
14534,MOVIE,No overview found.,,2247,en,1301923165000,1101682800000,180,,The Shadows - The Final Tour 2004,84
16629,MOVIE,No overview found.,,2711,en,1300978183000,1193176800000,0,,Der Fluch des Waldes 2007,19
17182,MOVIE,No overview found.,,2804,en,1301107161000,1072911600000,0,,De IJzeren Hond,24
17376,MOVIE,No overview found.,,2854,en,1301908085000,-2208992400000,12,,Vor dem Konzert,29
18920,MOVIE,No overview found.,,3154,en,1301421345000,1095890400000,38,,L'histoire d'une étoile noire,27
18928,MOVIE,No overview found.,,3155,en,1301419688000,1131490800000,57,,Rien à faire,19
20650,MOVIE,No overview found.,,3922,en,1301905008000,592009200000,10,,Kolysanka,27
20654,MOVIE,No overview found.,,3923,en,1300978272000,657846000000,27,,Jam Dwór Polski,14
24556,MOVIE,No overview found.,,5161,en,1302044890000,-2208992400000,0,,Blood wanted,771
26769,MOVIE,A man from the city walks around the country side. He tries to find out what farmers are hiding below the plastic belts on their territory.,,5818,en,1301907282000,-2208992400000,10,,De Stedeling,359
31531,MOVIE,No overview found.,,8058,en,1300978557000,-2208992400000,0,,"Zwei, Drei Leben",30
33284,MOVIE,No overview found.,,8837,en,1301907491000,-2208992400000,0,,Hannah,431
34388,MOVIE,No overview found.,,9330,en,1301474347000,1199142000000,0,,Karma,97
34490,MOVIE,No overview found.,,9364,en,1301863280000,1262300400000,0,,Wuthering Heights,285
34858,MOVIE,No overview found.,,9505,en,1301875576000,1230764400000,0,,Satisfaction,75
36835,MOVIE,No overview found.,,9933,en,1300978906000,1199142000000,0,,Deadly Obsession,42
42126,MOVIE,No overview found.,,11242,en,1300979225000,-2208992400000,0,,Schatten der Angst,12
43842,MOVIE,No overview found.,,11923,en,1301908444000,-2208992400000,0,,erol,40
52772,MOVIE,No overview found.,,12258,en,1300979444000,-2208992400000,0,,premadesam,14
53646,MOVIE,Many secrets lie burried in the North Woods...but should they be unearthed?,,12675,en,1302023616000,-2208992400000,0,,North Woods,103
53845,MOVIE,No overview found.,,12731,en,1301419108000,1199142000000,0,,Wer nie beim Schwenken schwankte,17
54113,MOVIE,No overview found.,,12820,en,1300979520000,-2208992400000,0,,U577 - Überleben ist ihr Ziel,12
54403,MOVIE,"Behind the scenes footage of Quinton ""Rampage"" Jackson during his days in Pride.",,13050,en,1301905997000,-2208992400000,0,,Rampage Unchained,23
55752,MOVIE,No overview found.,,13462,en,1300979636000,-2208992400000,0,,Riding For A Living,27
55763,MOVIE,No overview found.,,13467,en,1301421334000,-2208992400000,0,,Slednecks 1,74
56060,MOVIE,No overview found.,,13575,en,1300979660000,-2208992400000,0,,Die 7 Zwerge,146
57142,MOVIE,No overview found.,,13840,en,1300979719000,-2208992400000,0,,HDNet Fights: Destruction,18
57200,MOVIE,No overview found.,,13854,en,1301110482000,-2208992400000,0,,Acres Of Ass (Part 1),27
58760,MOVIE,No overview found.,,14331,en,1300979821000,-2208992400000,0,,Panik in New York,252
59347,MOVIE,No overview found.,,14529,en,1300979890000,-2208992400000,0,,My Name Isn't Johnny,32
60964,MOVIE,No overview found.,,15238,en,1302171589000,-2208992400000,0,,dorothy party,1101
61636,MOVIE,No overview found.,,15507,en,1300980156000,-2208992400000,0,,HDNet Fights IFL 2008-05-16,13
61638,MOVIE,No overview found.,,15509,en,1301908612000,-2208992400000,0,,HDNet Fights: IFL 04 04 2008,14
61667,MOVIE,No overview found.,,15518,en,1300980158000,-2208992400000,0,,seperated from god,87
62267,MOVIE,No overview found.,,15747,en,1301908542000,-2208992400000,0,,The Bible Series,63
63770,MOVIE,No overview found.,,16195,en,1302172479000,-2208992400000,0,,Aa Ab,47
64049,MOVIE,No overview found.,,16251,en,1302039967000,-2208992400000,0,,Be Live,485
65078,MOVIE,No overview found.,,16822,en,1301184529000,-2208992400000,0,,Caramuru,35
65379,MOVIE,No overview found.,,16978,en,1301908579000,-2208992400000,0,,Fars Bedste Børn,85
66295,MOVIE,No overview found.,,17448,en,1300980441000,-2208992400000,0,,Afona,13
66950,MOVIE,No overview found.,,17675,en,1302239214000,-2208992400000,0,,Idol Country,312
67222,MOVIE,No overview found.,,17838,en,1302215472000,-2208992400000,0,,Pride Bushido 13,247
67271,MOVIE,No overview found.,,17883,en,1301907380000,-2208992400000,0,,Iron Man - Marvel / Jetix Animation DVD,100
67782,MOVIE,No overview found.,,18156,en,1300980536000,-2208992400000,0,,Tester,18
68095,MOVIE,No overview found.,,18286,en,1300980557000,-2208992400000,0,,The Legend of Zelda Retrospective,129
68147,MOVIE,No overview found.,,18294,en,1302215282000,-2208992400000,0,,Hannibal-Albtraum Roms,30
68208,MOVIE,No overview found.,,18336,en,1300980562000,-2208992400000,0,,Brum and the Stopwatch Botch,14
68247,MOVIE,No overview found.,,18370,en,1301906147000,-2208992400000,0,,Jedes Jahr im April,36
68649,MOVIE,No overview found.,,18552,en,1301735049000,-2208992400000,0,,Flirting with Danger,451
68734,MOVIE,No overview found.,,18593,en,1300980598000,-2208992400000,0,,Barbarellas,22
69056,MOVIE,No overview found.,,18768,en,1300980621000,-2208992400000,0,,45 Diese Frau will Rache,22
69212,MOVIE,"""The Impending Death Of The Virgin Spirit,"" ""Visiting,"" ""The Bricklayer's Beautiful Daughter,"" ""Silent Anticipations,"" ""Woman Of The World,"" ""Because It's There,"" ""Follow Through,"" ""Aerial Boundaries,"" ""Vashon Poem,"" ""The Orangutan Gang,"" ""What Goes Around,"" ""New Electric India"" and ""Streetnoise.""   ",,18853,en,1301739692000,-2208992400000,0,,Windham Hill in Concert,355
69245,MOVIE,No overview found.,,18864,en,1300980640000,-2208992400000,0,,The Art of Eric Gill,62
69339,MOVIE,No overview found.,,18891,en,1301465328000,-2208992400000,0,,My Eyes Won't Dry,277
69395,MOVIE,No overview found.,,18909,en,1300980648000,-2208992400000,0,,Breeding Ian Jay,24
69693,MOVIE,No overview found.,,19044,en,1302234522000,-2208992400000,0,,Koi no mon,203
70023,MOVIE,No overview found.,,19188,en,1301906714000,-2208992400000,0,,Thuy Nga - PARIS BY NIGHT 89: In Korea KARAOKE 63,15
70237,MOVIE,No overview found.,,19295,en,1301520480000,-2208992400000,0,,Power Raiders,374
70927,MOVIE,No overview found.,,19656,en,1300980752000,-2208992400000,0,,Pain of Salvation - Be Live,172
71010,MOVIE,No overview found.,,19691,en,1302214556000,-2208992400000,0,,Pride Bushido 8,66
71102,MOVIE,No overview found.,,19744,en,1300980760000,-2208992400000,0,,The Law of Attraction: Das kosmische Gesetz hinter 'The Secret',13
71259,MOVIE,No overview found.,,19838,en,1301419388000,-2208992400000,0,,I.M.P.S. Chapter 1 - Davenport  Gateway,71
