nodeId:ID,:LABEL,description,homepage,id,imdbId,language,lastModified,tagline,title,version
14593,MOVIE,"The View Askewniverse is a fictional universe created by writer/director Kevin Smith, featured in several films, comics and a television series; it is named for Smith's production company, View Askew Productions. The characters Jay and Silent Bob appear in almost all the View Askewniverse media, and characters from one story often reappear or are made reference to in others.",,2256,,en,1301904443000,,View Askewniverse,33
15362,MOVIE,No overview found.,,2396,,en,1301904907000,,Saga Astérix et Obélix,66
18677,MOVIE,No overview found.,,3106,,en,1301906492000,,Дозор,334
19244,MOVIE,No overview found.,,3292,,en,1301906503000,,Tulse Luper,37
20771,MOVIE,No overview found.,,3963,,en,1301908485000,,Saga Les Rivières pourpres,105
22498,MOVIE,No overview found.,,4525,,en,1301908066000,,Kommissar X,254
33151,MOVIE,No overview found.,,8773,tt0055747,en,1301908525000,,L'amour à vingt ans,33
33358,MOVIE,No overview found.,,8855,,en,1301908585000,,Otto Collection,77
33377,MOVIE,No overview found.,,8864,,en,1301903417000,,Final Destination Collection,227
35063,MOVIE,No overview found.,,9578,,en,1301907368000,,Die wilden Hühner,34
39757,MOVIE,No overview found.,,10465,,en,1302017963000,,Behind Enemy Lines Collection,224
40806,MOVIE,No overview found.,,10815,,en,1300979123000,,Urmel,16
41936,MOVIE,No overview found.,,11173,,en,1301904699000,,Die Wilden Kerle,73
69966,MOVIE,No overview found.,,19161,,en,1300980679000,,The Art of War Collection,65
69968,MOVIE,No overview found.,,19163,,en,1301904938000,,The Land Before Time Collection,178
70215,MOVIE,No overview found.,,19285,tt0107387,en,1301905820000,,Leprechaun Series,37
