nodeId:ID,:LABEL,description,genre,homepage,id,imdbId,language,lastModified,tagline,title,version
15135,MOVIE,The classic disaster films about a great white shark that’s been attacking people of the coast of New England and bringing terror to their beach vacations. The first film was a major box-office success bringing in almost 500 million world wide and spawning the blockbuster movie phenomena and two sequels. ,Horror,,2366,,en,1301904837000,,Jaws Series,49
16607,MOVIE,No overview found.,Drama,,2704,,en,1302035098000,,The Bible,612
20263,MOVIE,No overview found.,Horror,,3601,,en,1301905807000,,I Know What You Did Last Summer,265
32863,MOVIE,No overview found.,Crime,,8647,,en,1301908035000,,The Skulls,280
34029,MOVIE,No overview found.,Romance,,9046,,en,1301904267000,,A Chinese Ghost Story,98
34386,MOVIE,No overview found.,Action,,9328,,en,1302020699000,,Free Willy,633
34397,MOVIE,No overview found.,Action,,9332,,en,1301905471000,,Crocodile Dundee,196
34417,MOVIE,No overview found.,Comedy,,9338,,en,1302020535000,,Police Academy,191
36481,MOVIE,No overview found.,Horror,,9887,,en,1301905637000,,Species,291
36482,MOVIE,No overview found.,Comedy,,9888,,en,1302025412000,,Home Alone,364
39972,MOVIE,No overview found.,Comedy,,10554,,en,1301904028000,,Lemon Popsicle,206
40493,MOVIE,No overview found.,Action,,10713,,en,1302026335000,,Universal Soldier,206
