nodeId:ID,:LABEL,description,genre,homepage,id,imdbId,language,lastModified,runtime,tagline,title,version
16754,MOVIE,No overview found.,Drama,,2732,tt0800353,en,1302034103000,0,,Nemesis,427
21081,MOVIE,No overview found.,Drama,,4149,tt1019448,en,1301906178000,0,,Middlemarch,95
26426,MOVIE,No overview found.,Documentary,,5740,tt0493560,en,1301521894000,90,,King of the Nudies,684
31645,MOVIE,No overview found.,Drama,,8085,tt1201137,en,1301905418000,0,,The Blade Itself,68
31661,MOVIE,No overview found.,Drama,,8089,tt1189315,en,1301907418000,0,,Decidme cómo es un árbol,28
34999,MOVIE,No overview found.,Drama,,9554,,en,1302027172000,0,,King Lear,267
