nodeId:ID,:LABEL,description,genre,homepage,id,language,lastModified,releaseDate,runtime,tagline,title,trailer,version
17199,MOVIE,Documentary about the Dutch punkband 'De Klojos'. and it sucks bigtime,Documentary,,2807,en,1301904270000,1167606000000,53,,Jongens van de Landbouwschool,http://www.youtube.com/watch?v=193,66
30645,MOVIE,No overview found.,Documentary,,7302,en,1300978521000,1136070000000,53,,Toma de Razon,http://www.youtube.com/watch?v=472,49
33748,MOVIE,Documentary that shows the changing attitude towards immigrant labor in The Netherlands. The documentary follows three immigrants that arrived in Holland 30 years ago to work in a bakery. ,Documentary,,8964,en,1301906168000,1196204400000,65,,Aan ons den arbeid,http://www.youtube.com/watch?v=551,21
43942,MOVIE,No overview found.,Drama,http://www.tenletters.eu/2.html,11964,en,1301903354000,1182290400000,86,,Die Spieler,http://www.youtube.com/watch?v=622,32
53654,MOVIE,The key out is to stay alive...or die trying!,Horror,,12676,en,1301904009000,1196463600000,87,,Lock In,http://www.youtube.com/watch?v=632,66
