nodeId:ID,:LABEL,description,homepage,id,imageUrl,imdbId,language,lastModified,releaseDate,runtime,studio,tagline,title,version
33599,MOVIE,No overview found.,,8925,http://cf1.imgobject.com/posters/0bf/4cdbfd437b9aa132750000bf/a-festa-da-menina-morta-mid.jpg,tt1136609,en,1301908134000,1244757600000,0,Bananeira Filmes,,A Festa Da Menina Morta,60
34864,MOVIE,No overview found.,,9508,http://cf1.imgobject.com/posters/115/4d56adef7b9aa15cf3002115/whisky-mit-wodka-mid.jpg,tt1037227,en,1301907212000,1246312800000,108,Peter Rommel Productions,,Whisky mit Wodka,71
34869,MOVIE,"Nach zwei Jahren sind Ludo und Anna immer noch ein Paar. Allerdings nicht unbedingt ein glückliches, denn der Alltag hat schon längst Einzug gehalten. Dieser wird jäh gestört, als Marie, die hübsche Exfreundin von Ludo, auftaucht und sich daran macht, ihm erneut den Kopf zu verdrehen. Als Anna davon erfährt, fängt sie an in Ludos Privatsphäre zu schnüffeln, was sich dieser verbietet. Vehement spricht sich Ludo für gegenseitiges Vertrauen als Basis der Beziehung aus. Bis Ralf, Annas Ex, plötzlich",,9511,http://cf1.imgobject.com/posters/9e5/4bc926bd017a3c57fe00f9e5/zweiohrkuken-mid.jpg,tt1343755,en,1301902979000,1259794800000,124,barefoot films,,Zweiohrküken,104
52802,MOVIE,"The Olsen Gang has finally made it. They are in Mallorca, having fulfilled their dream. Almost, that is. They don't have any money, so Egon has to open a safe at a restaurant to get some. As usual, however, Egon ends up in prision. When they return to Denmark, he has a new plan.",,12269,http://cf1.imgobject.com/posters/908/4bc938d3017a3c57fe017908/olsen-bandens-sidste-bedrifter-mid.jpg,tt0071939,en,1301906733000,150073200000,100,Nordisk Film,,The Last Exploits of the Olsen Gang,38
53238,MOVIE,No overview found.,,12515,http://cf1.imgobject.com/posters/609/4d1108805e73d6082e000609/les-suspects-mid.jpg,tt0072230,en,1301418303000,154738800000,0,CanWest MediaWorks,,Les suspects,75
53984,MOVIE,"In the dirtiest, funniest, most scandalous gay-teen-sex-comedy-parody ever, four young gay friends make a pact to lose their virginity by the end of the summer. The boys soon face giant sex toys, naked celebrities, masochistic teachers and an uncontrollable romance with a quiche. ",http://www.profun.de/anothergaymovie/,12795,http://cf1.imgobject.com/posters/023/4c1b7ec77b9aa117a4000023/another-gay-movie-mid.jpg,tt0443431,en,1301904572000,1178143200000,92,Luna Pictures,,Another Gay Movie,178
54021,MOVIE,No overview found.,,12800,http://cf1.imgobject.com/posters/c79/4d9324067b9aa11991000c79/benzina-mid.jpg,tt0302309,en,1301905626000,1006210800000,90,Galliano Iuso per Digital Film,,Benzina,34
54193,MOVIE,No overview found.,www.dalailamafilm.de,12880,http://cf1.imgobject.com/posters/ed7/4d60ff205e73d60c5a002ed7/dalai-lama-renaissance-mid.jpg,tt0953363,en,1301420299000,1182808800000,81,Waken Films,,Dalai Lama Renaissance,64
54347,MOVIE,"A compilation of classic Walt Disney clips from Mickey Mouse's long and illustrious career as the world's most recognised and best loved cartoon character. Includes ""Thru The Mirror,"" ""Hawaiian Holiday,"" ""Lonesome Ghosts,"" ""The Brave Little Tailor,"" ""The Little Whirlwind"" and ""Mickey Down Under.",,13026,http://cf1.imgobject.com/posters/2b5/4d19185c5e73d6084200a2b5/everybody-loves-mickey-mid.jpg,tt0899858,en,1301908579000,-2208992400000,58,Walt Disney Pictures,,Everybody Loves Mickey,50
55226,MOVIE,No overview found.,,13303,http://cf1.imgobject.com/posters/4e1/4bc93c70017a3c57fe0194e1/hatifa-mid.jpg,tt0186195,en,1301905320000,-297824400000,85,DEFA,,Hatifa,28
55440,MOVIE,"Mackenzie Crook and Johnny Vegas star as the bird-chasing, self-proclaimed ""Butch Cassidy and the Sundance Kid"" of Birmingham in this £3 million brit-com about two lowlifes with active fantasy sex lives who deliver potatoes to various restaurants and grocers.",,13371,http://cf1.imgobject.com/posters/7d0/4bc93cc3017a3c57fe0197d0/sex-lives-of-the-potato-men-mid.jpg,tt0368259,en,1301902893000,1077231600000,82,Devotion Films,,Sex Lives of the Potato Men,117
55471,MOVIE,No overview found.,,13379,http://cf1.imgobject.com/posters/83a/4bc93cd1017a3c57fe01983a/olive-the-other-reindeer-mid.jpg,tt0227173,en,1301906722000,945385200000,45,20th Century Fox Television,,"Olive, the Other Reindeer",116
55625,MOVIE,"Filmed in IMAX, a team of explorers led by Pasquale Scaturro and Gordon Brown face seemingly insurmountable challenges as they make their way along all 3,260 miles of the world's longest and deadliest river to become the first in history to complete a full descent of the Blue Nile from source to sea.",http://www.nilefilm.com/,13431,http://cf1.imgobject.com/posters/b06/4bc93d30017a3c57fe019b06/mystery-of-the-nile-mid.jpg,tt0444673,en,1301420656000,1112652000000,47,MacGillivray Freeman Films,,Mystery of the Nile,116
55627,MOVIE,No overview found.,,13432,http://cf1.imgobject.com/posters/c5f/4d430f487b9aa15bab004c5f/depuis-qu-otar-est-parti-mid.jpg,tt0336264,en,1301907389000,1063749600000,103,Les Films du Poisson,,Depuis qu'Otar est parti...,53
55644,MOVIE,No overview found.,,13438,http://cf1.imgobject.com/posters/b6c/4bc93d39017a3c57fe019b6c/gomgashtei-dar-aragh-mid.jpg,tt0317226,en,1300979630000,1022018400000,108,Mij Film Co.,,Gomgashtei dar Aragh,31
55649,MOVIE,No overview found.,,13443,http://cf1.imgobject.com/posters/4a8/4bf805ad017a3c77320004a8/nascar-3d-the-imax-experience-mid.jpg,tt0353774,en,1301415844000,1079046000000,40,Warner Bros. Pictures,,NASCAR 3D: The IMAX Experience,58
55784,MOVIE,No overview found.,http://www.absinthe-films.com/index.php?id=15,13473,http://cf1.imgobject.com/posters/8e4/4d7bf5617b9aa11a0c0178e4/vivid-mid.jpg,,en,1301908550000,1009839600000,45,Absinthe Films,,Vivid,39
56083,MOVIE,No overview found.,,13582,http://cf1.imgobject.com/posters/894/4cc456095e73d67783001894/losvikt-mid.jpg,,en,1300979662000,1224626400000,83,Pan Vision,,Lösvikt,22
56157,MOVIE,No overview found.,,13621,http://cf1.imgobject.com/posters/51b/4bc93e78017a3c57fe01a51b/switch-mid.jpg,tt1020996,en,1301420840000,1193349600000,89,Rubicon Film AS,,Switch,105
56358,MOVIE,No overview found.,,13674,http://cf1.imgobject.com/posters/0f8/4ca69c4c5e73d643f00000f8/talegaver-til-brn-2007-15-ars-jubilum-mid.jpg,tt1515914,en,1301908165000,1198882800000,118,FBI Aps (Funny Business Inc),,Talegaver til børn 2007 - 15 års jubilæum,35
56411,MOVIE,A second-string pro golfer desprate for his shot at success tours the country.,,13693,http://cf1.imgobject.com/posters/05c/4c318da37b9aa170f200005c/dead-solid-perfect-mid.jpg,tt0094965,en,1301906109000,598402800000,93,HBO Films,,Dead Solid Perfect,67
57296,MOVIE,"This dark comedy is set in Dunedin, New Zealand. A university student finds an old ""abandoned"" house and proceeds to invite other students to share. It even has running electricity. But what is the catch?",,13892,http://cf1.imgobject.com/posters/122/4bc9400c017a3c57fe01b122/scarfies-mid.jpg,tt0189981,en,1301907238000,933804000000,101,Nightmare Productions,,Scarfies,71
57297,MOVIE,"5 Years have passed and Jake has turned his back on his family. He's still up to his usual tricks in McClutchy's Bar, unaware, as he downs his latest opponent, that his eldest son, Nig, Has dided in a gang fight. The uncomfortable family reuniion at Nig's funeral sparks a confrontations with second son Sonny, and sets Jake and Sonny on a downward spiral.",,13893,http://cf1.imgobject.com/posters/12b/4bc9400c017a3c57fe01b12b/what-becomes-of-the-broken-hearted-mid.jpg,tt0197094,en,1301906095000,927756000000,108,New Zealand Film Commission,,What Becomes of the Broken Hearted?,43
57318,MOVIE,Two contract killers cross paths in the middle of the same job and realize they are childhood friends. Together they take a break from killing and visit the small island they once called home. After reflecting on their past lives they decided to team up and use their talents in killing for good... much to the upset of the crime syndicates.,,13899,http://cf1.imgobject.com/posters/8ba/4d28e1975e73d626ac0028ba/dead-or-alive-2-t-b-sha-mid.jpg,tt0285005,en,1301905700000,975711600000,97,Toei Video Company,,Dead or Alive 2 - Tôbôsha,68
57963,MOVIE,"Jodhaa Akbar is a sixteenth century love story about a marriage of alliance that gave birth to true love between a great Mughal Emperor, Akbar and a Rajput princess, Jodhaa.",http://www.jodhaaakbar.com/,14073,http://cf1.imgobject.com/posters/027/4c324cbd5e73d64967000027/jodhaa-akbar-mid.jpg,tt0449994,en,1301904550000,1203030000000,213,UTV Motion Pictures,,Jodhaa Akbar,241
57999,MOVIE,"Unchained, features badass riding by the best in the biz. Once again, our cinees have scoured the earth, hitting the most exotic locales and competitions worldwide. Tune into over 2 hours of riding and extras featuring footage from Adidas Slopestyle, Crankworx, Monsterpark, Bolivia, Utah, BC Canada and Mexico on this special double DVD.",http://www.nwdfilms.com,14083,http://cf1.imgobject.com/posters/a94/4bc94124017a3c57fe01ba94/new-world-disorder-6-unchained-mid.jpg,,en,1301906721000,1128117600000,50,Freeride Entertainment,,New World Disorder 6: Unchained,52
58003,MOVIE,No overview found.,,14086,http://cf1.imgobject.com/posters/aa7/4bc94125017a3c57fe01baa7/agata-e-la-tempesta-mid.jpg,tt0402755,en,1301906608000,1083016800000,125,Albachiara,,Agata e la tempesta,64
58073,MOVIE,"En känd advokat blir brutalt mördad i sitt hem. Motivbilden till mordet ser till en början ganska enkel ut då advokaten varit engagerad i ett mål där ett företag varit åtalat för att ligga bakom ett grovt miljöbrott. När Beck och kollegan Klingström går igenom advokatens kontor hittar man snabbt bevis som ger nytt ljus i utredningen - men vem är det som dragit i trådarna, och varför?",,14115,http://cf1.imgobject.com/posters/b91/4bc9413b017a3c57fe01bb91/beck-20-advokaten-mid.jpg,tt0889574,en,1301906059000,1164495600000,90,Filmlance International AB,,Beck - Advokaten,68
58873,MOVIE,"Trots att de är bröder är Rille och hans bror Erik extremt olika. Rille är överviktig, filosofisk, och kungen på pingis - Ping-pongkingen. Erik är däremot älskad av alla, snygg och charmig. Rille är mitt i organiserandet av pingisturneringen när brödernas farsa bestämmer sig för att komma på besök. Under sportlovsveckan som följer uppdagas en familjehemlighet som bryter blodsbandet mellan bröderna",http://www.pingpongkingen.se/,14357,http://cf1.imgobject.com/posters/658/4bc9428e017a3c57fe01c658/ping-pongkingen-mid.jpg,tt1110272,en,1301114080000,1200610800000,107,BOB Film Sweden AB,,Ping-pongkingen,46
58997,MOVIE,No overview found.,,14393,http://cf1.imgobject.com/posters/7ac/4bc942b5017a3c57fe01c7ac/doppelpack-mid.jpg,tt0202256,en,1301904383000,966463200000,88,Prokino Filmproduktion,,Double Pack,90
59610,MOVIE,The mating rituals of two teenage surf chicks from the southern suburbs of Sydney.,,14630,http://cf1.imgobject.com/posters/71a/4cebe3a35e73d6259000071a/puberty-blues-mid.jpg,tt0082956,en,1301079164000,376786800000,87,Limelight Productions,,Puberty Blues,56
59612,MOVIE,No overview found.,,14632,http://cf1.imgobject.com/posters/d71/4d614c2c7b9aa154cf004d71/south-west-9-mid.jpg,tt0297403,en,1301908539000,1002837600000,90,Fruit Salad Films,,South West 9,64
59762,MOVIE,No overview found.,,14726,http://cf1.imgobject.com/posters/551/4bc94448017a3c57fe01d551/espion-s-mid.jpg,tt1149592,en,1301904979000,1233097200000,99,Mars Distribution,,Espion(s),60
59871,MOVIE,"Can one act justify a lifetime of wickedness? Explore the darkest confines of the soul from Robert Conway's film, ""Redemption."" A genre busting Western where there is no law, no good guys; only the bad and worse. Frank Harden is no stranger to the unlawful west, he is a killer. However, because of a tragic event he must battle his own worst enemy, himself. ",,14769,http://cf1.imgobject.com/posters/7ae/4bc94495017a3c57fe01d7ae/redemption-a-mile-from-hell-mid.jpg,tt1307002,en,1301904268000,1230764400000,90,Cas-Mor Productions,,Redemption: A Mile from Hell,60
59903,MOVIE,A French tradesman travels in time and liberates an oppressed tribe in another world.,http://www.lesdeuxmondes-lefilm.com/,14791,http://cf1.imgobject.com/posters/87d/4bc944a8017a3c57fe01d87d/les-deux-mondes-mid.jpg,tt0808230,en,1301903398000,1195599600000,105,Gaumont,,Les deux mondes,67
60342,MOVIE,"The students of Suzuran High compete for the King of School title. An ex-graduate yakuza is sent to kill the son of a criminal group, but he can't make himself to do it as he reminds him of his youth. ",,14943,http://cf1.imgobject.com/posters/ef5/4bc94556017a3c57fe01def5/kurozu-zero-mid.jpg,tt1016290,en,1301903552000,1193436000000,130,Akita Publishing,,Crows Zero,162
60415,MOVIE,"A gang of thieves gather at a safe house following a robbery, but a detective is on their trail.",,15007,http://cf1.imgobject.com/posters/04a/4bc9457f017a3c57fe01e04a/number-seventeen-mid.jpg,tt0023285,en,1301904028000,-1199235600000,63,British International Pictures,,Number Seventeen,137
60527,MOVIE,A pregnant teenager is determined to leave her trailer park home with the hope of living a happy family life.,,15041,http://cf1.imgobject.com/posters/1b9/4bc945a7017a3c57fe01e1b9/american-girl-mid.jpg,tt0329297,en,1301302608000,1013295600000,88,Tomorrow Film Corporation,,American Girl,238
60565,MOVIE,No overview found.,,15054,http://cf1.imgobject.com/posters/21b/4bc945b0017a3c57fe01e21b/a-perfect-place-mid.jpg,tt1177935,en,1301908007000,1199142000000,25,Fantoma Films,,A Perfect Place,241
60650,MOVIE,"A 27-year-old office worker travels to the countryside while reminiscing about her childhood, when she returns to the family farm she meets a young farmer who's the cousin of her brother-in-law. She is immediately taken with his hard-working, salt-of-the-earth ways.",,15080,http://cf1.imgobject.com/posters/357/4bc945d4017a3c57fe01e357/omohide-poro-poro-mid.jpg,tt0102587,en,1301907235000,677368800000,118,Studio Ghibli,,Only Yesterday,87
60743,MOVIE,"DOUBLE DECADE marks MACK DAWG PRODUCTIONS' 20th anniversary of filmmaking. It is with great pride that we present this epic snowboarding film. DOUBLE DECADE is a look into the past, and a look into the future of freestyle snowboarding. This movie is so ill it can only be rated S for Sick.",,15114,http://cf1.imgobject.com/posters/477/4bc945fb017a3c57fe01e477/double-decade-mid.jpg,,en,1301464719000,1199142000000,0,Mack Dawg Productions,,Double Decade,38
60903,MOVIE,No overview found.,,15188,http://cf1.imgobject.com/posters/71f/4bc9464d017a3c57fe01e71f/monstertorsdag-mid.jpg,tt0399365,en,1301836090000,1097704800000,0,Canal Plus,,Monstertorsdag,48
60921,MOVIE,No overview found.,,15200,http://cf1.imgobject.com/posters/78e/4bc94659017a3c57fe01e78e/demandez-la-permission-aux-enfants-mid.jpg,tt0864751,en,1301881850000,1171062000000,96,TFM Distribution,,Demandez la permission aux enfants,64
61129,MOVIE,"The basic plot revolves around a drug dealer Limini (Tin man) who is said to have no heart, and two men Lemi and Kiza who are trying to transport their dead grandfather for burial, until their car breaks down and they end up struggling to get him home onboard a train. This is when these two plots intersect and all hell breaks lose. You won't laugh so hard at the movies in a long time.",,15303,http://cf1.imgobject.com/posters/ad1/4bc946b7017a3c57fe01ead1/mrtav-ladan-mid.jpg,tt0301634,en,1301906186000,1009839600000,90,Viktoria Film,,Mrtav 'ladan,87
61189,MOVIE,No overview found.,,15333,http://cf1.imgobject.com/posters/0f7/4d94aa047b9aa1199a0020f7/le-voyage-aux-pyr-n-es-mid.jpg,tt1160027,en,1301906109000,1210888800000,102,Soudaine Compagnie,,Le Voyage aux Pyrénées,47
61371,MOVIE,"Ranjeet Thadani (Rajat Kapoor), a bored, arrogant music company executive hurts his back the night he has found a prize catch for a weekly bring - your -idiot talent dinner hosted by his friends and him. He ends up spending the evening with this idiot, Bharat Bhushan (Vinay Pathak) who tries to help him get his wife (Sarika) back who left him earlier that day. The result is utter chaos let loose by the idiot, who cannot do a single thing without messing it up further. The plot turns around to be",,15411,http://cf1.imgobject.com/posters/6a2/4c6f2be15e73d65f790006a2/bheja-fry-mid.jpg,tt1014672,en,1301006686000,1176415200000,95,First Run Features,,Bheja Fry,67
61480,MOVIE,No overview found.,,15464,http://cf1.imgobject.com/posters/087/4bc94769017a3c57fe01f087/emi-liya-hai-to-chukana-padega-mid.jpg,tt1221133,en,1301417420000,1226012400000,128,Balaji Motion Pictures,,EMI: Liya Hai To Chukana Padega,40
61481,MOVIE,"Recruté comme directeur commercial Paris d'une entreprise américaine de pompes funèbres, Gabriel part trois mois en stage sur le terrain. Il parvient à dissimuler son nouveau job à ses parents et à son amoureuse, Claire, qui voient en lui un grand musicien, jusqu'au jour où il vend des obsèques à prix d'or à un vieux monsieur qui n'est autre que le grand-père de Claire.",,15465,http://cf1.imgobject.com/posters/094/4bc9476e017a3c57fe01f094/bouquet-final-mid.jpg,tt1134801,en,1301905120000,1225839600000,101,Les Films du Worso,,Bouquet final,126
62265,MOVIE,No overview found.,http://www.witchblade2009.com,15744,http://cf1.imgobject.com/posters/b92/4bc948c2017a3c57fe01fb92/the-witchblade-mid.jpg,tt0494292,en,1301907097000,1262300400000,0,Platinum Media Group,,The Witchblade,79
62567,MOVIE,"The king needs a new queen, and a small town girl named Esther has been chosen! When Esther wakes up with the weight of the world on her shoulders and the fate of her people in her hands, can she find the courage to do what's right? Filled with the drama, humor, and great music, the story of Queen Esther teaches kids that you never need to be afraid to do what's right!",,15883,http://cf1.imgobject.com/posters/04a/4bc94946017a3c57fe02004a/veggietales-esther-the-girl-who-became-queen-mid.jpg,tt0284605,en,1301904474000,946681200000,30,Big Idea Productions,,VeggieTales: Esther The Girl Who Became Queen,255
62568,MOVIE,"Gideon is the amazing story based on one of the greatest biblical heroes of all time - a cucumber chosen to defend his people against an army of 30,000 excessively hairy pickles!  Accompanied by a mere six carrots and six peas with trumpets, drums, tubas, trombones, and flashlights... will Gideon be able to stand against a mighty army of thousands? Learn about having true courage and trusting God!",,15884,http://cf1.imgobject.com/posters/053/4bc94946017a3c57fe020053/veggietales-gideon-tuba-warrior-mid.jpg,tt0843851,en,1301908491000,1162594800000,45,Big Idea Productions,,VeggieTales: Gideon Tuba Warrior,61
62570,MOVIE,A three-hour boat tour takes a turn for the worse when first mate Larry crashes into an uncharted tropical island! Can Skipper Bob and the passengers forgive Larry for making such a huge blunder? Discover the real reasons God wants us to forgive! ,,15885,http://cf1.imgobject.com/posters/05c/4bc94947017a3c57fe02005c/veggietales-god-wants-me-to-forgive-them-mid.jpg,tt0284606,en,1301906603000,-2208992400000,30,Big Idea Productions,,VeggieTales - God Wants Me To Forgive Them,54
62571,MOVIE,"Surrounded by huge walls and bristling with really annoying little peas, no one gets to the Promised Land without going through Jericho first! But how? Joshua has God's directions, but they sound kind of ... weird. In the end, they have to decide whether it's better to do things their way or God's way!",,15886,http://cf1.imgobject.com/posters/065/4bc94947017a3c57fe020065/veggietales-josh-and-the-big-wall-mid.jpg,tt0284607,en,1301906738000,1234220400000,30,Big Idea Productions,,VeggieTales: Josh and the Big Wall,129
62578,MOVIE,"Who will find the legendary hairbrush of Sampson?  Trek accross the Globe from Moose Lake to Malta in this exciting adventure. See how Minnesota Cuke learns a lesson in dealing with bullies, and discovers the true source of Sampson's strength! ",,15892,http://cf1.imgobject.com/posters/098/4bc94949017a3c57fe020098/veggietales-minnesota-cuke-and-the-search-for-samson-s-hairbrush-mid.jpg,tt0471422,en,1301906012000,1104534000000,43,Big Idea Productions,,VeggieTales- Minnesota Cuke and the Search for Samson's Hairbrush,248
62737,MOVIE,"When Sheerluck Holmes and his venerable sidekick Dr. Watson work together, their forensic fortitude can solve any crime. But Sheerluck won't stop hogging all the credit for the pair's sleuthing savvy! With this friendship on the fritz, the missing Golden Ruler may never be recovered! Will Sheerluck remember the Golden Rule in time to rescue the ruler and save this friendship?",,15960,http://cf1.imgobject.com/posters/342/4bc94992017a3c57fe020342/veggietales-sheerluck-holmes-and-the-golden-ruler-mid.jpg,tt0795495,en,1301907203000,1142031600000,52,Big Idea Productions,,VeggieTales: Sheerluck Holmes and the Golden Ruler,35
62738,MOVIE,"Starting a new job as a political journalist at a leading newspaper, Ulrik Torp witnesses a brutal struggle for power in the Midparty's ranks -- a struggle that coincides with the charismatic party leader's involvement in a near fatal car accident. A flurry of lies and media speculation surrounds the incident. Gradually, Ulrik unearths a ruthless conspiracy involving the incumbent prime minister.",http://www.indiemoviesonline.com/watch-movies/kings-game,15961,http://cf1.imgobject.com/posters/353/4bc94993017a3c57fe020353/kongekabale-mid.jpg,tt0378215,en,1301907803000,1096581600000,107,Nimbus Film Productions,,Kongekabale (Kings Game),75
62755,MOVIE,"Trouble's brewing at the Chocolate Factory! Company president Nebby K. Nezzer announces that his workers may eat as many bunnies as they like! But Rack, Shack and Benny remember that their parents taught them not to eat too much candy.",,15971,http://cf1.imgobject.com/posters/3b0/4bc9499f017a3c57fe0203b0/veggietales-rack-shack-benny-mid.jpg,tt0284612,en,1301907262000,-2208992400000,30,Big Idea Productions,,"VeggieTales: Rack, Shack & Benny",234
62860,MOVIE,The daughter of a Jehovah's Witness is forced to choose between religion and love when she falls for someone outside her faith.,,16015,http://cf1.imgobject.com/posters/5d0/4bc949db017a3c57fe0205d0/to-verdener-mid.jpg,tt1065318,en,1301907382000,1203634800000,116,Nordisk Film,,To verdener,112
62903,MOVIE,Talented 16-year-old Ruben gets the chance to have what most teenagers want - fame and success. But what are the costs?,,16034,http://cf1.imgobject.com/posters/6ae/4bc949f6017a3c57fe0206ae/remix-mid.jpg,tt0477823,en,1301520862000,1201215600000,95,Zeitgeist,,Remix,105
62913,MOVIE,No overview found.,,16045,http://cf1.imgobject.com/posters/752/4bc94a0a017a3c57fe020752/tempelriddernes-skat-iii-mysteriet-om-slangekronen-mid.jpg,tt1105743,en,1301907203000,1205449200000,85,M&M Productions,,Tempelriddernes skat III: Mysteriet om slangekronen,50
62945,MOVIE,"Kids everywhere flock to Barney for fun, dancing, and learning. Baby Bop is so excited to be able to write her name, and the kids are planning an art show of all the brightest hues, using their imaginations to learn about shapes and colors. Baby Bop is keeping everyone guessing as to what she will draw that's shaped like a rectangle: it's soft, yellow, and friendly for sure!",,16054,http://cf1.imgobject.com/posters/7ce/4bc94a1a017a3c57fe0207ce/barney-now-i-know-my-abc-s-mid.jpg,tt0878102,en,1301907412000,1089928800000,126,HIT Entertainment,,Barney - Now I Know My ABC's,68
63149,MOVIE,No overview found.,,16101,http://cf1.imgobject.com/posters/962/4bc94a55017a3c57fe020962/hit-poletja-mid.jpg,tt1344616,en,1301421344000,1199142000000,91,RTV Slovenija,,Hit poletja,34
63185,MOVIE,"Yo ho ho! Dora and all her friends are putting on a musical Pirate Play, and your part of the cast! But when the Pirate Piggies accidentally take Dora's treasure chest of costumes to Treasure Island, she and her friends need to set sail on a musical journey to get it back!",,16118,http://cf1.imgobject.com/posters/9e4/4bc94a5e017a3c57fe0209e4/dora-the-explorer-dora-s-pirate-adventure-mid.jpg,,en,1301905328000,1072911600000,95,Paramount Pictures,,Dora The Explorer - Dora's Pirate Adventure,61
63955,MOVIE,"A modern, punk adaptation of Shakespeare's classic. Told irreverently, this film attempts to impact the viewer in the same way theatre-goers were effected in Shakespeare's time. Bawdy, Violent, Humorous, and Romantic.",,16233,http://cf1.imgobject.com/posters/e3a/4bc94ae5017a3c57fe020e3a/tromeo-and-juliet-mid.jpg,tt0114733,en,1302156481000,856998000000,107,Troma Entertainment,,Tromeo and Juliet,169
64105,MOVIE,No overview found.,http://www.maennersache.film.de/,16272,http://cf1.imgobject.com/posters/f94/4bc94b0c017a3c57fe020f94/mannersache-mid.jpg,tt1263757,en,1301906546000,1237417200000,90,Constantin Film Produktion GmbH,,Männersache,42
64166,MOVIE,"This follow-up to the George Romero/Stephen King-launched anthology series features five new tales of horror and a wraparound. The main stories deal with alternative realities (""Alice""), possessed communication devices (""The Radio""), vampires and serial killers in lust (""Call Girl""), mad inventors (""The Professor's Wife""), and hauntings from beyond the grave (""Haunted Dog"").",,16304,http://cf1.imgobject.com/posters/0e4/4bc94b32017a3c57fe0210e4/creepshow-3-mid.jpg,tt0478125,en,1301907261000,1179180000000,104,Creepy Film Productions,,Creepshow 3,193
64297,MOVIE,"Through the power of imagination, Barney takes BJ, Baby Bop, Rachel and Jackson to visit a real farm! Once there, they get a chance to see how crops are grown and how real animals are taken care of. They also meet Farmer Dooley and his wife, who involve them in a varety of fun activities - including preparing for a big barn dance.",,16339,http://cf1.imgobject.com/posters/22f/4bc94b56017a3c57fe02122f/barney-let-s-go-to-the-farm-mid.jpg,tt1002957,en,1301908620000,1109631600000,50,HIT Entertainment,,Barney: Let's Go To The Farm,59
64300,MOVIE,"It's time for a musical adventure! Barney, BJ and Baby Bop have a new dino friend RIFF who knows how to find music everywhere! When a little girl named Melanie dreams of playing her violin in a tlent show, Barney and his friend help her raise her dreams and they discover that some dreams are even bigger than they imagine. So come on everyone Let's Go To The Fair!",,16341,http://cf1.imgobject.com/posters/23d/4bc94b5b017a3c57fe02123d/barney-let-s-go-to-the-fair-mid.jpg,,en,1301419322000,-2208992400000,56,HIT Entertainment,,Barney: Let's Go To The Fair,54
64418,MOVIE,"A young girl recounts her girlhood and eventual marriage to a general of the Mexican revolution. by one of the most outstanding writers of the new feminist Mexican literature, it is at once a haunting novel of one woman's life and a powerful account of post-revolutionary Mexico from a female perspective. ",http://www.arrancamelavida.com/,16382,http://cf1.imgobject.com/posters/3f4/4bc94b8c017a3c57fe0213f4/arrancame-la-vida-mid.jpg,tt1130981,en,1301416801000,1229036400000,107,Alta Vista Films,,Arráncame la vida,75
64723,MOVIE,No overview found.,,16593,http://cf1.imgobject.com/posters/949/4bc94c7e017a3c57fe021949/dick-whittington-s-cat-mid.jpg,tt0146624,en,1301905323000,-1060045200000,8,Celebrity Productions,,Dick Whittington's Cat,28
64882,MOVIE,"Mickey Mouse needs your help. His clubhouse has mysteriously broken into pieces and now it's floating away with his pals Minnie, Donald, Goofy and Daisy inside. And to top it off, he's been planning a big party. Help Mickey save his friends and his clubhouse and join in on the party fun.",,16676,http://cf1.imgobject.com/posters/bae/4bc94cc9017a3c57fe021bae/mickey-s-great-clubhouse-hunt-mid.jpg,tt0974599,en,1301902709000,1174345200000,48,Disney Channel,,Mickey's Great Clubhouse Hunt,66
64884,MOVIE,"Barney has a tee-Riff-ic surprise for BJ and Baby Bop - their cousin Riff is moving to town! Riff surprises everyone with his awesome musical abilities and super-fun personality. Everyone is very excited that Riff will be in town for good.  Riff is a little shy at first but with the help of new friends BJ and Baby Bop, Riff fits right into Barney's world of fun and imagination.",,16682,http://cf1.imgobject.com/posters/bb7/4bc94cc9017a3c57fe021bb7/barney-riff-s-musical-zoo-mid.jpg,tt1108033,en,1301908601000,1192140000000,79,HIT Entertainment,,Barney - Riff's Musical Zoo,43
64936,MOVIE,No overview found.,,16701,http://cf1.imgobject.com/posters/c64/4bc94cdc017a3c57fe021c64/forortsungar-mid.jpg,tt0882771,en,1300980349000,-2208992400000,96,Gilda Film,,Förortsungar,57
64947,MOVIE,No overview found.,,16705,http://cf1.imgobject.com/posters/c7f/4bc94cde017a3c57fe021c7f/hasar-menuha-mid.jpg,tt1075644,en,1300980349000,-2208992400000,100,Pie Films,,Hasar menuha,26
64975,MOVIE,No overview found.,,16729,http://cf1.imgobject.com/posters/cfc/4bc94ceb017a3c57fe021cfc/non-ti-muovere-mid.jpg,tt0330702,en,1301419556000,1079046000000,125,Cattleya,,Non ti muovere,51
64976,MOVIE,No overview found.,,16730,http://cf1.imgobject.com/posters/d05/4bc94cec017a3c57fe021d05/massa-ot-james-be-eretz-hakodesh-mid.jpg,tt0305178,en,1301908529000,1073516400000,91,Lama Productions,,Massa'ot James Be'eretz Hakodesh,35
65235,MOVIE,"St. Trinian's contrives to win a competition which has a European trip as the prize, in order for the Girls of the Flash Harry St Trinian's Marriage Bureau to meet a rich Roman royal.",,16904,http://cf1.imgobject.com/posters/0ea/4bc94dc2017a3c57fe0220ea/blue-murder-at-st-trinian-s-mid.jpg,tt0051423,en,1301904988000,-380595600000,86,British Lion Film Corporation,,Blue Murder at St. Trinian's,127
65275,MOVIE,"Allied prisoners attempt to excape from an ""escape-proof"" German POW camp - Colditz Castle, during WWII. Classic British War drama.",,16912,http://cf1.imgobject.com/posters/13a/4bc94dcb017a3c57fe02213a/the-colditz-story-mid.jpg,tt0047945,en,1301908315000,-471315600000,94,British Lion Film Corporation,,The Colditz Story,47
65788,MOVIE,"The landlubber Stig-Helmer and his Norwegian friend Ole get on a barge by mistake. They arrive at an archipelago and have to spend Midsummer among the fancy rich boat people, their yachts and summer houses.",,17172,http://cf1.imgobject.com/posters/8b1/4bc94ea1017a3c57fe0228b1/s-o-s-en-segelsallskapsresa-mid.jpg,tt0096022,en,1301905698000,599007600000,104,Svensk Filmindustri (SF),,S.O.S. - En segelsällskapsresa,54
65925,MOVIE,"Lee Evans returns to the stage with another hilarious stand-up routine, this time at London's 02 arena. ",,17243,http://cf1.imgobject.com/posters/ab1/4bc94ed8017a3c57fe022ab1/lee-evans-big-live-at-the-o2-mid.jpg,tt1388779,en,1301906015000,1199142000000,145,Universal Pictures,,Lee Evans - Big - Live At The O2,31
65980,MOVIE,"Settled into a cozy home life in Milan with his boyfriend Paolo and his daughter Julia, photographer and ex-spy Jacob Keane is suddenly drawn back into the espionage world when his old partner Marta reappears with her memory erased.",,17286,http://cf1.imgobject.com/posters/ba2/4bc94ef0017a3c57fe022ba2/kiss-me-deadly-mid.jpg,tt1043839,en,1301906465000,1209679200000,87,Regent Entertainment,,Kiss Me Deadly,120
66010,MOVIE,"When the Boogey Man causes Grim to lose his powers, rank, and title in the Underworld Court for misusing his powers, he plots to seek out Horror's Hand and take over the world. It's up to Billy, Mandy, Irwin, and Grim to get to Horror's Hand before the Boogey Man does.",,17305,http://cf1.imgobject.com/posters/bec/4bc94ef6017a3c57fe022bec/billy-and-mandy-s-big-boogey-adventure-mid.jpg,tt1000070,en,1301417591000,-2208992400000,80,Cartoon Network,,Billy and Mandy's Big Boogey Adventure,343
66060,MOVIE,No overview found.,,17330,http://cf1.imgobject.com/posters/c53/4bc94eff017a3c57fe022c53/eiga-kurosagi-mid.jpg,tt1159502,en,1301906770000,1204930800000,127,Dreamax Television,,Eiga: Kurosagi,63
66061,MOVIE,No overview found.,http://suckmygeek.com/,17331,http://cf1.imgobject.com/posters/620/4d991c865e73d6225d006620/suck-my-geek-mid.jpg,tt1169168,en,1301905698000,1196377200000,52,Empreinte Digitale,,Suck my geek,102
66188,MOVIE,"The story follows General George Armstrong Custer's adventures from his West Point days to his death. He defies orders during the Civil War, trains the 7th Cavalry, appeases Chief Crazy Horse and later engages in bloody battle with the Sioux nation.",,17382,http://cf1.imgobject.com/posters/dea/4bc94f3a017a3c57fe022dea/they-died-with-their-boots-on-mid.jpg,tt0034277,en,1301906465000,-883620000000,140,Warner Bros. Pictures,,They Died With Their Boots On,120
66341,MOVIE,An elderly woman takes a train trip to visit her grandson at his army camp inside Chechnya.,,17479,http://cf1.imgobject.com/posters/0bb/4bc94fa2017a3c57fe0230bb/aleksandra-mid.jpg,tt1034427,en,1301906844000,1190757600000,95,Proline Film,,Aleksandra,58
66760,MOVIE,Rhys Darby Live – Imagine That! is Rhys’ first stand-up DVD and was filmed in early 2008 in Los Angeles.,,17608,http://cf1.imgobject.com/posters/41e/4bc95003017a3c57fe02341e/rhys-darby-live-imagine-that-mid.jpg,,en,1301907214000,1199142000000,81,Warner Music Entertainment,,Rhys Darby Live - Imagine That!,61
66831,MOVIE,No overview found.,,17638,http://cf1.imgobject.com/posters/525/4bc95027017a3c57fe023525/trial-by-fire-mid.jpg,tt1068282,en,1301908581000,1222466400000,93,Deep In Productions,,Trial by Fire,47
67035,MOVIE,"The great Jimmy Stewart and June Allyson star in this vibrant tribute to one of America's legendary bandleaders, charting Miller's rise from obscurity and poverty to fame and wealth in the early 1940's.",,17729,http://cf1.imgobject.com/posters/814/4bc9507f017a3c57fe023814/the-glenn-miller-story-mid.jpg,tt0047030,en,1301904230000,-504320400000,115,Universal Pictures,,The Glenn Miller Story,212
67116,MOVIE,No overview found.,,17789,http://cf1.imgobject.com/posters/95e/4bc950ad017a3c57fe02395e/li-mi-de-cai-xiang-mid.jpg,tt1299370,en,1301908556000,1221688800000,96,Huayi Brothers,,Li mi de cai xiang,37
67203,MOVIE,No overview found.,,17825,http://cf1.imgobject.com/posters/a68/4bc950c8017a3c57fe023a68/les-11-commandements-mid.jpg,tt0386695,en,1301907517000,-2208992400000,85,M6 Films,,The 11 Commandments,116
67205,MOVIE,The story of seven scholars (including Danny Kaye and Benny Goodman) in search of an expert to teach them about swing music. They seem to have found the perfect candidate in winsome nightclub singer Honey Swanson (Virginia Mayo). But Honey's gangster boyfriend doesn't want to give her up.,,17829,http://cf1.imgobject.com/posters/a71/4bc950c9017a3c57fe023a71/a-song-is-born-mid.jpg,tt0040820,en,1301905351000,-669085200000,113,Metro-Goldwyn-Mayer,,A Song Is Born,214
67439,MOVIE,The Svensson family moves to Stockholm because Lena got a new job.,81,17964,http://cf1.imgobject.com/posters/320/4bf24ef7017a3c320a000320/svensson-svensson-filmen-mid.jpg,tt0120253,en,1302197872000,-2208992400000,0,SVT Drama,,Svensson Svensson - filmen,33
67475,MOVIE,"Take a piano geek who, at times, plays what can best be described as heavy metal piano, throw in a 90-piece orchestra and you've got Ben Folds and WASO - Live in Perth, a new DVD music release on Epic.",,17969,http://cf1.imgobject.com/posters/eba/4bc95141017a3c57fe023eba/ben-folds-and-waso-live-in-perth-mid.jpg,tt0853087,en,1301665504000,1133823600000,80,Sony BMG,,Ben Folds and Waso Live in Perth,116
67847,MOVIE,"Digby consumes a bowl of Project X, a liquid growth formula. Soon, he becomes a sheepdog of gigantic size!",,18188,http://cf1.imgobject.com/posters/3f5/4bc951df017a3c57fe0243f5/digby-the-biggest-dog-in-the-world-mid.jpg,tt0069974,en,1301905318000,123548400000,88,Walter Shenson Films,,"Digby, the Biggest Dog in the World",41
67891,MOVIE,"The lives of the inhabitants of El Callejon de los Milagros, in downtown Mexico City, are closely knitted as the threads of a rug. Fifty-something Don Ru (Gomez Cruz) owns a small ""cantina"" where all the men spend afternoons playing domino. He's tired of his longtime marriage with Eusebia (Casanova) and has recently discovered new feelings inside his heart. ",,18205,http://cf1.imgobject.com/posters/49e/4bc951f6017a3c57fe02449e/el-callejon-de-los-milagros-mid.jpg,tt0112619,en,1301415966000,889138800000,140,Alameda Films,,El callejón de los milagros,54
68466,MOVIE,"Pour Margot et Victor, tout va pour le mieux dans le meilleur des mondes. Ils sont beaux, jeunes, cadres dynamiques dans le même cabinet d'avocats d'affaires et surtout, ils filent le parfait amour.Mais rien ne va plus le jour où Nicolas Bervesier, leur patron, est contraint de nommer un nouvel associé pour l'épauler. Uni dans la vie, le couple se retrouve bien malgré lui en concurrence frontale.",,18466,http://cf1.imgobject.com/posters/dd3/4bc95310017a3c57fe024dd3/notre-univers-impitoyable-mid.jpg,tt1003027,en,1301907770000,1202857200000,87,Canal Plus,,Notre univers impitoyable,65
68685,MOVIE,"Politiassistent Møller´og psykiateren Dr. Mogensen får noget at se til, da Pusle til alles overraskelse finder ud af, at hun kan trylle. På sin fødselsdag får hun tilsendt en gammel, magisk figur fra sin onkel I Sydamerika. Samme dag må Pusles forældre rejse til London, og den store børneflok er nu overladt til strikse tante Alma.",,18567,http://cf1.imgobject.com/posters/1c9/4bc9538b017a3c57fe0251c9/min-ssters-brn-vlter-byen-mid.jpg,tt0063304,en,1301905322000,-38624400000,95,Saga Film,,Min søsters børn vælter byen,28
68697,MOVIE,No overview found.,,18574,http://cf1.imgobject.com/posters/20b/4bc95392017a3c57fe02520b/ubu-krol-mid.jpg,tt0380779,en,1301907246000,1074207600000,90,Eurofilm,,Ubu król,35
68774,MOVIE,No overview found.,,18614,http://cf1.imgobject.com/posters/0d4/4c18830a5e73d65ddf0000d4/przesuchanie-mid.jpg,tt0084548,en,1301907445000,629506800000,111,"Zespół Filmowy ""X""",,Przesłuchanie,42
68815,MOVIE,PRIVATE CALL follows the debaucherous activities of an exclusive club where money can buy you sex--and blackmail.,,18637,http://cf1.imgobject.com/posters/43f/4bc953d4017a3c57fe02543f/private-call-mid.jpg,,en,1301903871000,1001887200000,80,Unipix,,Private Call,26
68931,MOVIE,"Light bio-pic of American Broadway pioneer Jerome Kern, featuring renditions of the famous songs from his musical plays by contemporary stage artists, including a condensed production of his most famous: 'Showboat'.",,18700,http://cf1.imgobject.com/posters/607/4bc95413017a3c57fe025607/till-the-clouds-roll-by-mid.png,tt0039035,en,1301908313000,-728182800000,132,Metro-Goldwyn-Mayer (MGM),,Till the Clouds Roll By,167
68936,MOVIE,"A budding young writer thinks it's her lucky day when she is chosen to be the new secretary for Owen Waterbury, famous novelist. She is soon disppointed, however, when he turns out to be an erratic, immature playboy. Opposites attract, of course, but not without sub-plots that touch on competitiveness within marriage and responsibility.",,18703,http://cf1.imgobject.com/posters/61a/4bc95415017a3c57fe02561a/my-dear-secretary-mid.png,tt0040626,en,1301036712000,-661741200000,94,Cardinal Pictures,,My Dear Secretary,88
68958,MOVIE,No overview found.,,18714,http://cf1.imgobject.com/posters/08f/4c8371e47b9aa1428f00008f/second-hand-wedding-mid.jpg,tt1210359,en,1301905261000,1210111200000,98,Garage Sale Productions,,Second Hand Wedding,83
69170,MOVIE,"Three decades after the great war between the humans and the Zentradi, the U.N. government is developing new technologies to use in their transforming fighter aircraft by running tests on the colony planet Eden. Military test pilots and former childhood friends, loose cannon Isamu Alva Dyson and the Zentradi mixed race Guld Goa Bowman, are selected to each pilot a new aircraft (Shinsei Industries' YF-19 & General Galaxy's YF-21) for Project Super Nova, to choose the newest successor to the VF-11",http://www.macross.co.jp/,18837,http://cf1.imgobject.com/posters/a5e/4bc954a3017a3c57fe025a5e/macross-plus-mid.jpg,tt0110426,en,1301417671000,793926000000,115,Bandai Visual Company (JAPAN),,Macross Plus,106
69314,MOVIE,"Med stjerner som Frits Helmuth, Sonja Richter, Sidse Babett Knudsen og selvfølgelig Erik Clausen selv på plakaten, er der lagt i hønsegården til et af Clausens sædvanlige humoristiske og satiriske øjebliksbilleder af dagens Danmark.     Anna har meget lidt succes med sit liv og skuespilkarriere, da hønsefarmeren Jørgen overtaler hende til at passe sin alderdomssvækkede og krakilske far, Hr. Walent",,18880,http://cf1.imgobject.com/posters/be0/4bc954d3017a3c57fe025be0/villa-paranoia-mid.jpg,tt0386850,en,1301906617000,1079046000000,106,Sandrew Metronome,,Villa Paranoia,59
69573,MOVIE,No overview found.,,18985,http://cf1.imgobject.com/posters/f16/4bc9552f017a3c57fe025f16/green-grass-of-wyoming-mid.jpg,tt0040402,en,1301908580000,-681012000000,89,Twentieth Century-Fox Film Corporation,,Green Grass of Wyoming,40
69766,MOVIE,This is a collection of Metallica's videos ending with those shot for St. Anger.,,19089,http://cf1.imgobject.com/posters/199/4bc95572017a3c57fe026199/metallica-the-videos-1989-2004-mid.jpg,tt1054496,en,1302202977000,1165186800000,141,E%2FM Ventures,,Metallica - The Videos 1989-2004,73
70014,MOVIE,"Stig-Helmer takes another vacation with his norwegian friend Ole. This time it's time for a skiing vacation in the Alps. Of course, Stig-Helmer has never learnt downhill skiing, but he attends a ski school. And together they manage to charm two women also on vacation.",,19181,http://cf1.imgobject.com/posters/475/4bc955c9017a3c57fe026475/sallskapsresan-2-snowroller-mid.jpg,tt0090115,en,1302208214000,497228400000,91,Svensk Filmindustri (SF),,Sällskapsresan 2 - Snowroller,52
70166,MOVIE,"Initial D Battle Stage 2 summarizes the major street races from the recent Fourth Stage TV series. Additionally, two races that were previously seen only in the manga were animated specially for the feature.",,19263,http://cf1.imgobject.com/posters/66f/4bc95605017a3c57fe02666f/initial-d-battle-stage-2-mid.jpg,,en,1301908631000,1180476000000,77,Frontline,,Initial D: Battle Stage 2,24
70506,MOVIE,"Giacinto lives with his wife, their ten children and various other family members in a shack on the hills of Rome. Some time ago he has lost his left eye while at work, and got a consistent sum of money from the insurance company, which he keeps hidden from the rest of the family. His whole life is now based on defending the money he sees as his own, while the rest of the family tries to kill him.",,19413,http://cf1.imgobject.com/posters/333/4d7806d45e73d67f02001333/brutti-sporchi-e-cattivi-mid.jpg,tt0074252,en,1301904931000,212281200000,115,Compagnia Cinematografica Champion,,Brutti Sporchi e Cattivi,66
70520,MOVIE,No overview found.,,19418,http://cf1.imgobject.com/posters/ab0/4bc95682017a3c57fe026ab0/dhol-mid.jpg,tt0995035,en,1301418843000,1189720800000,0,Percept Picture Company,,Dhol,73
70568,MOVIE,"Baldwin’s “pseudo-pseudo-documentary” presents a factual chronicle of US intervention in Latin America in the form of the ultimate far-right conspiracy theory, combining covert action, environmental catastrophe, space aliens, cattle mutilations, killer bees, religious prophecy, doomsday diatribes, and just about every other crackpot theory broadcast through the dentures of the modern paranoiac.",http://www.othercinemadvd.com/trib.html,19459,http://cf1.imgobject.com/posters/b43/4bc9568f017a3c57fe026b43/tribulation-99-alien-anomalies-under-america-mid.jpg,tt0105639,en,1301907969000,704325600000,48,Other Cinema,,Tribulation 99: Alien Anomalies Under America,79
70889,MOVIE,"Danmarks populæreste fi lmfamilie er på banen igen, i den første rigtige Far til Fire-fi lm med Ib Schønberg som den lune, godmodige far til de fire herlige børn – med hjerte-knuseren Lille Per i spidsen. Til familien hører også den festlige Onkel Anders, forrygende spillet af Peter Malberg. Her er hygge, sjov og spænding for alle pengene. Ole har problemer i skolen og Søs føler hun må gribe ind…",,19634,http://cf1.imgobject.com/posters/09c/4bc9572b017a3c57fe02709c/far-til-fire-mid.jpg,tt0045750,en,1301906145000,-510109200000,97,SC Entertainment,,Far til Fire,33
70902,MOVIE,"Ib Schønberg er atter den rare far - og nu kåres han til ""den ideelle trafikant"". Det betyder,at han kan tage alle sine fire børn med på vinterferie i Norge. Her muntrer Lille Per sig rigtigt i de norske snedriver, og det går ikke stille af, når den festlige familie indta’r det pragtfulde snerige. Både børn og voksne kan hygge sig med familien på alle tiders vinterferie.",,19639,http://cf1.imgobject.com/posters/0c4/4bc9572e017a3c57fe0270c4/far-til-fire-i-sneen-mid.jpg,tt0046967,en,1301417653000,-478659600000,90,SC Entertainment,,Far til Fire i sneen,27
70903,MOVIE,"Lille Per er kommet i skolealderen, og det er han bestemt ikke blevet kedeligere af. Han lægger ud med at rise familien op fastelavnsmorgen. Og så er der ellers tøndeslagning og fodbold på programmet. Lille Pers hold skal spille mod svenskerne. Men det danske hold er heldigvis godt rustet, for deres træner er ""Mister"" - den store danske fodboldhelt Harald Nielsen. ",,19642,http://cf1.imgobject.com/posters/6ad/4d1b5b9c5e73d6082e00b6ad/far-til-fire-med-fuld-musik-mid.jpg,tt0054868,en,1301905696000,-253933200000,88,SC Entertainment,,Far til Fire med fuld musik,36
70907,MOVIE,"Her er hygge, sjov og spænding for alle pengene. Ole har problemer i skolen og Søs føler hun må gribe ind? Det får bare alvorlige følger for både hende og Ole, så hvordan skal det dog ende?  ",,19645,http://cf1.imgobject.com/posters/0ec/4bc95733017a3c57fe0270ec/far-til-fire-pa-landet-mid.jpg,tt0048058,en,1301908466000,-446605200000,97,SC Entertainment,,Far til Fire på landet,27
70908,MOVIE,"Lille Per skal i skole efter ferien, så sidste dag i “friheden” tager den hyggelige, enlige far sine børn med i Tivoli. Onkel Anders er naturligvis også med til den festlige udflugt. Skolegangen giver imidlertid problemer for Mie, men vores allesammens frejdige Lille Per får sig en alvorlig snak med rektor og ordner paragrafferne. Søs’ kærlighed lider også - for en stund.",,19647,http://cf1.imgobject.com/posters/0f5/4bc95734017a3c57fe0270f5/far-til-fire-julebal-i-nisseland-mid.jpg,tt0049200,en,1301908578000,-414550800000,95,SC Entertainment,,Far til Fire julebal i nisseland,25
70909,MOVIE,"Hjemme i den lille familie er alt ved det gamle. Lille Per er skolens spilopmager, Søs har kærestesorger, Mie og Ole skal være med i skolekomedien o.s.v. Men pludselig sker der noget. Go?e gamle Onkel Anders har en tvillingebror i USA. Han hedder Sofus, og nu kommer han hjem for at fejre 70 års-fødselsdag. Han var en kværulant, da han rejste. Og nu er han blevet endnu værre.",,19648,http://cf1.imgobject.com/posters/0fe/4bc95735017a3c57fe0270fe/far-til-fire-og-onkel-sofus-mid.jpg,tt0050377,en,1301906737000,-381891600000,100,SC Entertainment,,Far til Fire og onkel Sofus,30
70910,MOVIE,"Lille Per får sit største ønske opfyldt: Han bliver ulveunge. Søs får også sit største ønske opfyldt: Hun skal giftes. Så nu må Mie overtage husholdningen. Det kommer ikke til at gå stille for sig. Hun herser med Ole og Per. Lille Per?s oplevelser på ulveunge-lejren er meget dramatiske. Først hjælper han en sød pige og hendes fattige bedstefar, så de kan beholde deres hest. ",,19649,http://cf1.imgobject.com/posters/107/4bc95736017a3c57fe027107/far-til-fire-og-ulveungerne-mid.jpg,tt0051603,en,1301906166000,-351651600000,90,SC Entertainment,,Far til Fire og ulveungerne,27
70911,MOVIE,"Den populære danske familie er på ferie på Bornholm. Desværre har de ikke kunnet få hotelværelser, men Lille Per, der altid er snarrådig, har fundet på, at de skal sove i telt.Far og onkel Anders er ikke helt begejstrede for idéen, men der er ikke andet at gøre...Og det kan nok være, det fører mange skøre oplevelser med sig. Lille Per får en ny ven, Torben - hvad mon de finder på?",,19650,http://cf1.imgobject.com/posters/110/4bc95737017a3c57fe027110/far-til-fire-pa-bornholm-mid.jpg,tt0052796,en,1301906167000,-316141200000,100,SC Entertainment,,Far til Fire på Bornholm,27
70912,MOVIE,"Onkel Anders og Lille Per har i en konkurrence vundet en campingvogn. Det er sommerferie, og vores familie drager i højt humør af sted til Jylland med deres lille ?hjem? på slæb efter bilen. En morgen opdager de, at Cirkus Benneweis er ved at slå teltene op tæt ved campingpladsen. De går derned, og selveste cirkusdirektøren kommer hen til dem.",,19651,http://cf1.imgobject.com/posters/119/4bc95737017a3c57fe027119/far-til-fire-i-hjt-humr-mid.jpg,tt0124533,en,1301906131000,50886000000,96,SC Entertainment,,Far til Fire i højt humør,26
70928,MOVIE,No overview found.,,19657,http://cf1.imgobject.com/posters/12b/4bc95739017a3c57fe02712b/baazigar-mid.jpg,tt0106333,en,1301906161000,753058800000,181,Eros Entertainment,,Baazigar,106
71013,MOVIE,"Episode 1: Assistancemelding A-15/99 -   Episode 2: Assistancemelding A-21/99, del 1 -   Episode 3: Assistancemelding A-21/99, del 2 -   Episode 4: Assistancemelding A-6/00    ",,19699,http://cf1.imgobject.com/posters/224/4bc95754017a3c57fe027224/rejseholdet-1-4-mid.jpg,tt0220261,en,1301107616000,970351200000,228,Nordisk Film,,Rejseholdet 1-4,31
71014,MOVIE,Episode 5: Assistancemelding A-11/00 -   Episode 6: Assistancemelding A-15/00 -   Episode 7: Assistancemelding A-17/00         ,,19700,http://cf1.imgobject.com/posters/22d/4bc95755017a3c57fe02722d/rejseholdet-5-7-mid.jpg,tt0220261,en,1301107571000,972770400000,167,Nordisk Film,,Rejseholdet 5-7,28
71015,MOVIE,"Episode 8: Assistancemelding A-19/00, del 1 -   Episode 9: Assistancemelding A-19/00, del 2 -   Episode 10: Assistancemelding A-24/00  ",,19701,http://cf1.imgobject.com/posters/236/4bc95755017a3c57fe027236/rejseholdet-8-10-mid.jpg,tt0220261,en,1301107481000,974588400000,172,Nordisk Film,,Rejseholdet 8-10,26
71016,MOVIE,Episode 11: Assistancemelding A-25/00  Episode 12: Assistancemelding A-26/00  Episode 13: Assistancemelding A-28/00  ,,19702,http://cf1.imgobject.com/posters/23f/4bc95756017a3c57fe02723f/rejseholdet-11-13-mid.jpg,tt0220261,en,1300980757000,984870000000,171,Nordisk Film,,Rejseholdet 11-13,24
71024,MOVIE,"Episode 14: Assistancemelding A-30/00 -   Episode 15: Assistancemelding A-31/00, del 1 -   Episode 16: Assistancemelding A-31/00, del 2",,19705,http://cf1.imgobject.com/posters/255/4bc95758017a3c57fe027255/rejseholdet-14-16-mid.jpg,tt0220261,en,1301906131000,986680800000,171,Nordisk Film,,Rejseholdet 14-16,26
71025,MOVIE,Episode 17: Assistancemelding A-2/01 -   Episode 18: Assistancemelding A-3/01 -   Episode 19: Assistancemelding A-4/01  ,,19706,http://cf1.imgobject.com/posters/25e/4bc95758017a3c57fe02725e/rejseholdet-17-19-mid.jpg,tt0220261,en,1301908467000,1009666800000,169,Nordisk Film,,Rejseholdet 17-19,25
71026,MOVIE,"Episode 20: Assistancemelding A-6/01 -   Episode 21: Assistancemelding A-7/01, del 1 -   Episode 22: Assistancemelding A-7/01, del 2",,19707,http://cf1.imgobject.com/posters/267/4bc95759017a3c57fe027267/rejseholdet-20-22-mid.jpg,tt0220261,en,1301107368000,1011481200000,169,Nordisk Film,,Rejseholdet 20-22,27
71027,MOVIE,Episode 23: Assistancemelding A-9/01 -   Episode 24: Assistancemelding A-12/01 -   Episode 25: Assistancemelding A-13/01  ,,19708,http://cf1.imgobject.com/posters/270/4bc9575a017a3c57fe027270/rejseholdet-23-25-mid.jpg,tt0220261,en,1300980757000,1013295600000,171,Nordisk Film,,Rejseholdet 23-25,24
71028,MOVIE,Episode 27: Assistancemelding A-15/01 -   Episode 28: Assistancemelding A-16/01 -   Episode 29: Assistancemelding A-17/01  ,,19709,http://cf1.imgobject.com/posters/279/4bc9575a017a3c57fe027279/rejseholdet-26-28-mid.jpg,tt0220261,en,1301908467000,1015110000000,170,Nordisk Film,,Rejseholdet 26-28,27
71029,MOVIE,"Episode 13: Assistancemelding A-19/01, del 1 -   Episode 14: Assistancemelding A-19/01, del 2       ",,19710,http://cf1.imgobject.com/posters/282/4bc9575b017a3c57fe027282/rejseholdet-29-30-mid.jpg,tt0220261,en,1301416825000,1016924400000,115,Nordisk Film,,Rejseholdet 29-30,28
71030,MOVIE,"Episode 31: Assistancemelding A-05/03, del 1  Episode 32: Assistancemelding A-05/03, del 2",,19711,http://cf1.imgobject.com/posters/28b/4bc9575c017a3c57fe02728b/rejseholdet-31-32-mid.jpg,tt0220261,en,1301908467000,1072306800000,151,Nordisk Film,,Rejseholdet 31-32,29
71072,MOVIE,"The fictional world of Royston Vasey is facing apocalypse and the only way to avert disaster is for our nightmarish cast of characters to find a way into the real world and confront their creators. From present day Soho to the fictional film world of 17th Century Britain, the residents must overcome countless bizarre obstacles in their bid to return Royston Vasey to safety",,19723,http://cf1.imgobject.com/posters/2e2/4bc95765017a3c57fe0272e2/the-league-of-gentlemen-s-apocalypse-mid.jpg,tt0435687,en,1301904993000,1117749600000,87,FilmFour,,The League of Gentlemen's Apocalypse,94
71127,MOVIE,No overview found.,,19763,http://cf1.imgobject.com/posters/338/4c7bcce47b9aa176be000338/pokoj-v-dusi-mid.jpg,tt1369835,en,1301906010000,1233183600000,0,Forza Production House,,Pokoj v duši,100
71155,MOVIE,Sesame Street characters help Elmo count down the days leading up to Christmas.,,19781,http://cf1.imgobject.com/posters/03a/4bca1010017a3c0e9300003a/elmo-s-christmas-countdown-mid.jpg,tt1077081,en,1301906227000,1198364400000,60,Gotham Group,,Elmo's Christmas Countdown,148
71194,MOVIE,"Europe, 1709. Russia and Sweden are at war. Two French duelists are exiled by King Louis XIV of France: one to the side of Czar Peter the Great of Russia, the other to the side of King Charles XII of Sweden. Although separated by war and allegiance, fate has not finished with them.",,19798,http://cf1.imgobject.com/posters/47f/4bc9578f017a3c57fe02747f/sluga-gosudarev-mid.jpg,tt0476695,en,1301907184000,-2208992400000,131,Beta Film TV,,Sluga Gosudarev,49
71204,MOVIE,No overview found.,,19812,http://cf1.imgobject.com/posters/4b4/4bc95794017a3c57fe0274b4/far-til-fire-gi-r-aldrig-op-mid.jpg,tt0446125,en,1301905329000,1105311600000,87,ASA Film Produktion ApS,,Far til fire gi'r aldrig op,48
71205,MOVIE,No overview found.,,19813,http://cf1.imgobject.com/posters/4bd/4bc95798017a3c57fe0274bd/mgunger-mid.jpg,tt0366804,en,1300980769000,-2208992400000,85,Crone Film Produktion A/S,,Møgunger,74
71287,MOVIE,No overview found.,,19875,http://cf1.imgobject.com/posters/042/4beb02a1017a3c37ad000042/pohoronite-menya-za-plintusom-mid.jpg,tt1403085,en,1301906712000,1259794800000,0,Globus Film Studio,,Bury Me Behind the Baseboard,37
