nodeId:ID,:LABEL,description,homepage,id,imageUrl,language,lastModified,releaseDate,runtime,tagline,title,version
52921,MOVIE,No overview found.,,12425,http://cf1.imgobject.com/posters/b3f/4bc9391f017a3c57fe017b3f/lautre-mid.jpg,en,1301419192000,1199142000000,97,,L’Autre,42
59750,MOVIE,"The second cult movie from the makers of Getaway in Stockholm 1 with even more excitement and wilder car chases than before. A Toyota Supra and a Ford Escort Cosworth vs. the Swedish Police - the heavy-weight champions in a documentary on street racing, a cat-and-mouse game with the Swedish Police in the night of Stockholm.",,14714,http://cf1.imgobject.com/posters/502/4bc9443e017a3c57fe01d502/getaway-in-stockholm-2-mid.jpg,en,1301110237000,-2208992400000,0,,Getaway in Stockholm 2,527
59751,MOVIE,A Honda NSX is in the hands of one of the world's most famous traffic violators. Once again Mr X challenges the Swedish police department in this favorite movie for speed freaks when he sets a new record racing through Stockholm.,,14715,http://cf1.imgobject.com/posters/507/4bc9443f017a3c57fe01d507/getaway-in-stockholm-3-mid.jpg,en,1300979960000,-2208992400000,0,,Getaway in Stockholm 3,339
59752,MOVIE,"The world's most famous traffic violator Mr X challenges not only the police but also the true American sports car legend, the Corvette C5. With its powerful V8 engine it is driven by the extremely fast street racing beauty Miss Corvette.",,14716,http://cf1.imgobject.com/posters/50c/4bc94440017a3c57fe01d50c/getaway-in-stockholm-4-mid.jpg,en,1301110172000,-2208992400000,0,,Getaway in Stockholm 4,49
59753,MOVIE,"Mr X, the worlds most famous traffic violator is back in town! This time in a car well known from the movie The Fast and the Furious, a supertuned Mazda Rx-7 pushed to the limit. Together with a friend in a just as fast supercar they show that after sunset in Stockholm another life begins where they own the streets, sometimes at speeds up to 300 km/h.",,14718,http://cf1.imgobject.com/posters/511/4bc94440017a3c57fe01d511/getaway-in-stockholm-5-mid.jpg,en,1300979960000,1072911600000,0,,Getaway in Stockholm 5,12
59757,MOVIE,"Dodge Viper GTS vs. Porsche 911 GT3, American brute vs. German brains at its best! Two legends among sports cars pushed at highest pace against each other, this time Mr X challenges Tony Montana in a race through Stockholm.",,14721,http://cf1.imgobject.com/posters/527/4bc94442017a3c57fe01d527/getaway-in-stockholm-6-mid.jpg,en,1300979961000,-2208992400000,0,,Getaway in Stockholm 6,77
59758,MOVIE,"A highly tuned supercharged BMW M3 with more than 500 hp and a BMW M5 hit the streets of Stockholm. A movie not only for BMW fans. If you love extremely fast cars and a cat-and-mouse game with the law enforcement, Mr X will not disappoint you with this race at speeds exceeding 300 km/h. As the race goes on, Mr X tries to locate every cop in town simply to outrun them right in downtown Stockholm!",,14722,http://cf1.imgobject.com/posters/52c/4bc94442017a3c57fe01d52c/getaway-in-stockholm-7-mid.jpg,en,1301905673000,-2208992400000,0,,Getaway in Stockholm 7,124
59759,MOVIE,"Mr. X and one piece of German heavyweight, a highly prepared 525 hp Audi RS6 with a top speed of 300+ km/h blast through the streets of downtown Stockholm at night. The police are caught by surprise but do their best to stop our hero. ",,14723,http://cf1.imgobject.com/posters/531/4bc94442017a3c57fe01d531/getaway-in-stockholm-8-mid.jpg,en,1301907410000,-2208992400000,0,,Getaway in Stockholm 8,158
59760,MOVIE,The Porsche 911 GT3 is one of the fastest roadgoing cars ever made. Imagine two - and then put a pair of them in the hands of Mr X and his friend and you will see some racing action in the streets of downtown Stockholm at incredible speeds. Anywhere and everywhere that they can find the cops to get a nice car chase at their hands - they will go looking - and fast!,,14724,http://cf1.imgobject.com/posters/536/4bc94443017a3c57fe01d536/getaway-in-stockholm-9-mid.jpg,en,1301906741000,1229295600000,0,,Getaway in Stockholm 9,109
60207,MOVIE,No overview found.,,14889,http://cf1.imgobject.com/posters/c97/4bc94513017a3c57fe01dc97/jakt-och-fiske-mid.jpg,en,1300980018000,-2208992400000,0,,Jakt och Fiske,13
60740,MOVIE,No overview found.,,15111,http://cf1.imgobject.com/posters/468/4bc945f7017a3c57fe01e468/all-day-every-day-mid.jpg,en,1301905539000,-2208992400000,0,,All Day Every Day,124
60742,MOVIE,No overview found.,,15113,http://cf1.imgobject.com/posters/472/4bc945fa017a3c57fe01e472/apples-and-oranges-mid.jpg,en,1301465043000,-2208992400000,0,,Apples And Oranges,49
60744,MOVIE,No overview found.,,15115,http://cf1.imgobject.com/posters/47c/4bc945fc017a3c57fe01e47c/down-with-people-mid.jpg,en,1301908001000,-2208992400000,0,,Down With People,65
60751,MOVIE,No overview found.,,15118,http://cf1.imgobject.com/posters/48b/4bc945ff017a3c57fe01e48b/the-journal-mid.jpg,en,1302067965000,-2208992400000,0,,The Journal,271
60848,MOVIE,No overview found.,,15168,http://cf1.imgobject.com/posters/697/4bc94640017a3c57fe01e697/little-david-presents-bible-songs-mid.jpg,en,1301907384000,-2208992400000,0,,Little David Presents Bible Songs,69
60849,MOVIE,No overview found.,,15169,http://cf1.imgobject.com/posters/69c/4bc94640017a3c57fe01e69c/bibleman-powersource-mid.jpg,en,1301419107000,-2208992400000,0,,Bibleman: Powersource,13
60952,MOVIE,No overview found.,,15223,http://cf1.imgobject.com/posters/81b/4bc9466b017a3c57fe01e81b/danny-kaye-collection-mid.jpg,en,1300980110000,-2208992400000,0,,Danny Kaye Collection,111
62041,MOVIE,"Travis and the Nitro Circus Crew head full throttle into the gears of insanity. Witness Travis’ triumphant return to the Grand Canyon where he barely survives. Then watch the madness at the legendary Castaic shoot where dirt bikes, monster trucks, helicopters and a trophy truck hit the air in orchestrated chaos.",,15682,http://cf1.imgobject.com/posters/91e/4bc94874017a3c57fe01f91e/nitro-circus-5-thrillbillies-mid.jpg,en,1301416872000,-2208992400000,0,,Nitro Circus 5 ThrillBillies,22
62054,MOVIE,"Join Travis Pastrana and the Nitro Circus Thrillbillies gang as they invade and take over a motocross race in Costa Rica, compete in their own brand of Winter and Summer Olympics, and big wheel base jump ridiculous cliffs at Lake Powell! Travis also planes his motocross bike off of a floating ramp in the middle of a lake! Other adventures include Rally Car action with Ken Block, and an Evil Knievel tribute with guest, Johnny Knoxville. Plus, all the Nitro Circus non-sense you've come to expect. ",,15687,http://cf1.imgobject.com/posters/936/4bc94875017a3c57fe01f936/nitro-circus-6-thrillbillies-doublewide-mid.jpg,en,1301906685000,-2208992400000,0,,Nitro Circus 6 Thrillbillies Doublewide,24
62565,MOVIE,"Have you ever felt too small to do a really BIG job? That's what a little shepherd boy named Dave feels when his big brothers head off to defend their country, leaving him behind with the sheep. They're in for a surprise when they find out their foe is a 9-foot pickle! But wait! Who's that running out to challenge the mighty warrior? ...could it be? ...Dave?!? ",,15881,http://cf1.imgobject.com/posters/038/4bc94945017a3c57fe020038/veggietales-dave-and-the-giant-pickle-mid.jpg,en,1301905186000,820450800000,0,,VeggieTales: Dave and the Giant Pickle,185
62729,MOVIE,"After watching a scary Frankencelery movie, Junior Asparagus is reminded that there's no need to be scared of monsters because God is bigger than the boogie man!",,15954,http://cf1.imgobject.com/posters/310/4bc9498d017a3c57fe020310/veggietales-where-s-god-when-i-m-s-scared-mid.jpg,en,1301759445000,-2208992400000,0,,VeggieTales: Where's God When I'm S-Scared?,93
62735,MOVIE,"A little fib turns into a big problem for Junior Asparagus! With dad's favorite bowling plate in pieces, Junior is sure to be punished ... until a strange visitor advises him to cover his tracks with a little white lie.",,15958,http://cf1.imgobject.com/posters/330/4bc94990017a3c57fe020330/veggietales-larryboy-the-fib-from-outer-space-mid.jpg,en,1301130646000,1084831200000,0,,VeggieTales: LarryBoy & The Fib From Outer Space!,50
62750,MOVIE,Get ready for the event of the century as The Italian Scallion (Larry the Cucumber) challenges Apollo Gourd for the World Veggie-Weight Title!,,15966,http://cf1.imgobject.com/posters/37c/4bc94996017a3c57fe02037c/veggietales-sumo-of-the-opera-mid.jpg,en,1301286664000,-2208992400000,0,,VeggieTales: Sumo of the Opera,185
62752,MOVIE,"Cavis Appythart and Millward Phelps (Bob & Larry) are putting the finishing touches on their first Christmas musical. With more electric lights than London has ever seen, Cavis is sure his show will ""teach London how to love!"" Unfortunately, the local church Christmas pageant is scheduled for the same night. Which will London turn out to see? ",,15968,http://cf1.imgobject.com/posters/39e/4bc94999017a3c57fe02039e/veggietales-the-star-of-christmas-mid.jpg,en,1301908287000,1035846000000,0,,VeggieTales: The Star of Christmas,66
63159,MOVIE,No overview found.,,16106,http://cf1.imgobject.com/posters/98b/4bc94a5b017a3c57fe02098b/blue-s-clues-blue-s-first-holiday-mid.jpg,en,1301418940000,-2208992400000,0,,Blue's Clues - Blue's First Holiday,44
63161,MOVIE,No overview found.,,16108,http://cf1.imgobject.com/posters/995/4bc94a5b017a3c57fe020995/bob-the-builder-bob-s-bugle-and-other-stories-mid.jpg,en,1301416121000,-2208992400000,0,,Bob The Builder - Bob's Bugle And Other Stories,19
63162,MOVIE,No overview found.,,16109,http://cf1.imgobject.com/posters/99a/4bc94a5b017a3c57fe02099a/bob-the-builder-scoop-saves-the-day-and-other-stories-mid.jpg,en,1301907381000,-2208992400000,0,,Bob The Builder - Scoop Saves The Day And Other Stories,15
66853,MOVIE,No overview found.,,17647,http://cf1.imgobject.com/posters/571/4bc9502e017a3c57fe023571/dora-the-explorer-summer-explorer-mid.jpg,en,1300980464000,-2208992400000,0,,Dora the Explorer - Summer Explorer,56
66855,MOVIE,No overview found.,,17649,http://cf1.imgobject.com/posters/587/4bc9502f017a3c57fe023587/my-little-pony-pinkie-pie-s-special-day-mid.jpg,en,1300980464000,-2208992400000,0,,My Little Pony - Pinkie Pie's Special Day,20
67323,MOVIE,No overview found.,,17904,http://cf1.imgobject.com/posters/c87/4bc950fc017a3c57fe023c87/10-minute-solution-fat-blasting-dance-mix-mid.jpg,en,1301628753000,-2208992400000,0,,10 Minute Solution - Fat Blasting Dance Mix,64
67538,MOVIE,"From the O2 Arena in London, Backstreet Boys deliver an electric live show with energetic performances of best-loved favorites such as “I Want It That Way” and “Everybody (Backstreet’s Back)”, as well as new tracks “Inconsolable” and “Helpless When She Smiles,” from the current Unbreakable album.",,18018,http://cf1.imgobject.com/posters/f69/4bc95155017a3c57fe023f69/backstreet-boys-live-from-the-o2-arena-london-mid.jpg,en,1301904667000,-2208992400000,0,,"Backstreet Boys - Live From the O2 Arena, London",21
67608,MOVIE,Cereal Killerz is a culmination of snapshots compiled to form an intimate look into the lives of ten of the most influential pro paintball players of today. The captivating imagery takes you deep into the personalities that drive these pro players to excel at the top level.,,18052,http://cf1.imgobject.com/posters/057/4bc95171017a3c57fe024057/cereal-killerz-mid.jpg,en,1301906147000,-2208992400000,0,,Cereal Killerz,16
67610,MOVIE,"Splat Magazine Presents ""One With The Gun: Tournament Paintball Techniques"" starring Maximus Lundqvist of Team Joy Division. For the first time ever, world-class paintballer Maximus Lundqvist, star player from the legendary team Joy Division, shares with viewers the tactics and techniques that make him one of the most feared players on the field today.",,18054,http://cf1.imgobject.com/posters/069/4bc95172017a3c57fe024069/one-with-the-gun-mid.jpg,en,1302236050000,-2208992400000,0,,One With The Gun,205
68194,MOVIE,No overview found.,,18327,http://cf1.imgobject.com/posters/934/4bc9528c017a3c57fe024934/giai-cuu-than-chet-mid.jpg,en,1301907264000,-2208992400000,0,,Giai Cuu Than Chet,141
68220,MOVIE,No overview found.,,18341,http://cf1.imgobject.com/posters/9b3/4bc9529a017a3c57fe0249b3/in-the-night-garden-hello-makka-pakka-mid.jpg,en,1300980562000,-2208992400000,0,,In The Night Garden - Hello Makka Pakka,27
68245,MOVIE,No overview found.,,18368,http://cf1.imgobject.com/posters/a5e/4bc952b1017a3c57fe024a5e/nursery-rhymes-mid.jpg,en,1301907341000,-2208992400000,0,,Nursery Rhymes,96
70320,MOVIE,"Disney's Aladdin: A Musical Spectacular is a musical show that plays at Disney's California Adventure. Based on the Disney film by the same name, the show plays inside Hyperion Theater Hollywood Pictures Backlot. The show is located right next to the Twilight Zone Tower of Terror.",,19330,http://cf1.imgobject.com/posters/878/4bc95644017a3c57fe026878/aladdin-a-musical-spectacular-mid.jpg,en,1301908530000,-2208992400000,0,,Aladdin: A Musical Spectacular,21
71104,MOVIE,No overview found.,,19747,http://cf1.imgobject.com/posters/35d/4bc95773017a3c57fe02735d/albert-einsteins-relativitaetstheorie-2v3-mid.jpg,en,1301907376000,-2208992400000,0,,Albert Einsteins Relativitaetstheorie 2v3,27
71105,MOVIE,No overview found.,,19748,http://cf1.imgobject.com/posters/362/4bc95773017a3c57fe027362/albert-einsteins-relativitaetstheorie-3v3-mid.jpg,en,1301907382000,-2208992400000,0,,Albert Einsteins Relativitaetstheorie 3v3,29
71106,MOVIE,No overview found.,,19749,http://cf1.imgobject.com/posters/367/4bc95773017a3c57fe027367/doppelspaltexperiment-mid.jpg,en,1301908530000,-2208992400000,0,,Doppelspaltexperiment,15
71107,MOVIE,No overview found.,,19750,http://cf1.imgobject.com/posters/36c/4bc95773017a3c57fe02736c/das-geheimnis-der-materie-mid.jpg,en,1300980761000,-2208992400000,0,,Das Geheimnis der Materie,19
71108,MOVIE,No overview found.,,19751,http://cf1.imgobject.com/posters/371/4bc95773017a3c57fe027371/warum-ist-nicht-nichts-mid.jpg,en,1300980761000,-2208992400000,0,,Warum ist nicht nichts,12
71157,MOVIE,No overview found.,,19783,http://cf1.imgobject.com/posters/400/4bc95782017a3c57fe027400/new-world-disorder-series-mid.jpg,en,1300980764000,-2208992400000,0,,new world disorder series,20
