nodeId:ID,:LABEL,description,homepage,id,imageUrl,imdbId,language,lastModified,releaseDate,runtime,studio,tagline,title,trailer,version
54499,MOVIE,"At 17, high-school junior Shirley Lyner is thinking about college and running a babysitting service that provides teen call girls to the dads of young children. In a long flashback, we see what brought her from being a babysitter to organizing and running the service. ",,13078,http://cf1.imgobject.com/posters/a61/4bc93b0c017a3c57fe018a61/the-babysitters-mid.jpg,tt0796302,en,1301903448000,1210284000000,88,Forensic Films,,The Babysitters,http://www.youtube.com/watch?v=1087,191
54784,MOVIE,"A prequel to the critically acclaimed series featuring Jerri Blank, a 46 year-old ex-junkie, ex-con who returns to high school in a bid to start her life over.",,13141,http://cf1.imgobject.com/posters/d43/4bc93b5e017a3c57fe018d43/strangers-with-candy-mid.jpg,tt0369994,en,1301903905000,1154037600000,97,Comedy Central,,Strangers with Candy,http://www.youtube.com/watch?v=683,186
55055,MOVIE,"This 2006 documentary film chronicles the life of Daniel Johnston,  a manic-depressive genius singer/songwriter/artist, from childhood up to the present, with an emphasis on his mental illness, and how it manifested itself in demonic self-obsession.",http://www.sonyclassics.com/devilanddaniel/,13222,http://cf1.imgobject.com/posters/1f9/4bc93c0c017a3c57fe0191f9/the-devil-and-daniel-johnston-mid.jpg,tt0436231,en,1301905099000,1143756000000,110,Sony Pictures Classics,,The Devil and Daniel Johnston,http://www.youtube.com/watch?v=735,113
58332,MOVIE,"Max conjures up his perfect dreamworld...the Planet Drool. But his dream is more powerful than even he suspects, and his favorite dream super-heroes, Sharkboy and Lavagirl must help Max discover and conquer a source of danger that threatens to destroy their world.",,14199,http://cf1.imgobject.com/posters/fe3/4bc941d1017a3c57fe01bfe3/the-adventures-of-sharkboy-and-lavagirl-in-3-d-mid.jpg,tt0424774,en,1301903135000,1118354400000,92,Troublemaker Studios,,The Adventures of Sharkboy and Lavagirl in 3-D,http://www.youtube.com/watch?v=YVAz34SVtac,120
59413,MOVIE,No overview found.,,14555,http://cf1.imgobject.com/posters/ef0/4bc9438f017a3c57fe01cef0/sagan-mid.jpg,tt1052353,en,1301904226000,1213135200000,180,Alexandre Films,,Sagan,http://www.youtube.com/watch?v=954,71
60357,MOVIE,"The hilarious story of a restless young farm-thumb, Loke Groundrunner, and his tasty companion, Princess Bunhead, who go on an quest to combat Black Helmet Man and the Evil Thumbpire.",,14962,http://cf1.imgobject.com/posters/f3c/4bc9455c017a3c57fe01df3c/thumb-wars-the-phantom-cuticle-mid.jpg,tt0206341,en,1301904702000,915145200000,29,O Entertainment,Every Hand Has A Thumb...,Thumb Wars,http://www.youtube.com/watch?v=989,157
61998,MOVIE,"At long last, Madea returns to the big screen in TYLER PERRY'S MADEA GOES TO JAIL. This time America's favorite irreverent, pistol-packin' grandmomma is raising hell behind bars and lobbying for her freedom...Hallelujer!  ",http://www.madeagoestojailmovie.com/,15670,http://cf1.imgobject.com/posters/89d/4bc94864017a3c57fe01f89d/madea-goes-to-jail-mid.jpg,tt1142800,en,1301902297000,1234738800000,103,"Tyler Perry Company, The",,Madea Goes To Jail,http://www.youtube.com/watch?v=1043,402
67826,MOVIE,"A successful young doctor with a beautiful wife, a happy child, and a comfortable house finds his life suddenly changed in ways he never thought possible after being injured in a serious car accident. To the outside eye Lazar Perkov has everything -- indeed his friends and colleagues have even gone so far as to christen him with the nickname ""Lucky."" But appearances can sometimes be... ",,18178,http://cf1.imgobject.com/posters/3bf/4bc951db017a3c57fe0243bf/senki-mid.jpg,tt0834102,en,1300980538000,1189288800000,120,Tornasol Films S.A.,,Senki,http://www.youtube.com/watch?v=1192,45
68676,MOVIE,"The young druid Imp y Celyn comes to Ankh-Morpork to become a famous musician, but a new guitar from a mysterious shop possesses him with a new kind of music - the Music with Rocks In. To make matters worse, Death, saddened by the death of his adopted daughter, has gone away to try and forget, and his granddaughter Susan suddenly has the family duty passed on to her.",,18560,http://cf1.imgobject.com/posters/b8a/4d1fcd0b5e73d66b30001b8a/soul-music-mid.jpg,tt0159914,en,1301904828000,863388000000,159,Acorn Media,,Soul Music,http://www.youtube.com/watch?v=1832,76
70575,MOVIE,"This movie is based on the Butterfly Lovers, or Liang Zhu, a Chinese legend about the tragic romance between two lovers, Liang Shanbo and Zhu Yingtai. Retelling the Wuxia version of the story, it was filmed in Shanghai in 2008. The story features Taiwanese popstar Wu Chun as Liang Shanbo and Hong Kong Twins popstar Charlene Choi as Zhu Yingtai.",,19464,http://cf1.imgobject.com/posters/db9/4d8ac55d7b9aa13ae7000db9/mo-hup-leung-juk-mid.jpg,tt1310656,en,1302093176000,1223503200000,102,BIG Pictures,,Butterfly Lovers,http://www.youtube.com/watch?v=rMrmh5d3aqg,114
