nodeId:ID,:LABEL,description,homepage,id,imageUrl,imdbId,language,lastModified,releaseDate,runtime,tagline,title,trailer,version
55138,MOVIE,"The fictional story of Shenmue begins on November 29, 1986 in the perspective of the protagonist Ryo Hazuki returning home to his family dojo to witness his father, Iwao Hazuki battling with a man dressed in Chinese attire, who demands he hand over an item known as the ""Dragon Mirror"". Ryo intervenes in battle after his father is felled, but is injured by a blow from Lan Di.",,13273,http://cf1.imgobject.com/posters/396/4bc93c47017a3c57fe019396/shenmu-mid.jpg,tt0971215,en,1302018384000,-2208992400000,88,,Shenmue: The Movie,http://www.youtube.com/watch?v=756,702
58453,MOVIE,No overview found.,,14234,http://cf1.imgobject.com/posters/156/4bc941ff017a3c57fe01c156/ploy-mid.jpg,tt0993778,en,1302061658000,1181167200000,0,A film by Pen-Ek Ratanaruang,Ploy,http://www.youtube.com/watch?v=EK_mBeghxPQ,73
61510,MOVIE,No overview found.,,15475,http://cf1.imgobject.com/posters/12f/4bc94784017a3c57fe01f12f/ferrari-mid.jpg,tt0346946,en,1301908136000,1045350000000,114,,Ferrari,http://www.youtube.com/watch?v=8BQyr34Ru-8,156
63087,MOVIE,"Jim and Connie's postwar New York building troubles keep Jim from working on his novel. Ex-WAC from Jim's army days Roberta moves in, further upsetting Connie but pleasing Jim's friend Ed. Tenant Charley, who marries tenant Eadie, loans money to Jim to help him keep the building, money which this Casanova obtains from rich widows.",,16089,http://cf1.imgobject.com/posters/8f8/4bc94a46017a3c57fe0208f8/love-nest-mid.jpg,tt0043759,en,1301903951000,-575254800000,84,,Love Nest,http://www.youtube.com/watch?v=I4kmzb7bJ9I,87
63703,MOVIE,No overview found.,http://www.moordwijvendefilm.nl/,16177,http://cf1.imgobject.com/posters/c1f/4bc94aad017a3c57fe020c1f/moordwijven-mid.jpg,tt0948532,en,1301904277000,1198105200000,100,,Killer Babes,http://www.youtube.com/watch?v=http://www.youtube.com/watch?v=24wV5J63ecg,49
64790,MOVIE,"In search of a new lifestyle, Johannes and his wife Pernille leave the city and move with their two children to Johannes’ childhood town in the country. When Johannes’ drunken brother Lars accidently runs over Anna, a local, and plants false evidence pointing at the emigrant Alain, Johannes stands up to defend Alain. But it comes with a price.",,16639,http://cf1.imgobject.com/posters/a8a/4bc94cad017a3c57fe021a8a/fri-os-fra-det-onde-mid.jpg,tt1272012,en,1301904130000,1238709600000,100,,Fri os fra det onde,http://www.youtube.com/watch?v=IiV3Q5_3N5Q,57
65142,MOVIE,"Qlimax is an annual hardstyle event, held at the Gelredome, in Arnhem, Netherlands. It is one of the leading events within the hardstyle community, and one of the major attractions held by Q-Dance. The Dutch edition of Qlimax is held in the third or fourth weekend of November every year.",http://events.q-dance.nl/2008-11_22-november_qlimax/video/,16856,http://cf1.imgobject.com/posters/f17/4bc94d84017a3c57fe021f17/qlimax-mid.png,,en,1301904270000,1227308400000,112,,Qlimax,http://www.youtube.com/watch?v=1098,29
65979,MOVIE,No overview found.,http://www.google.no/url?sa=t&source=web&ct=res&cd=3&url=http%3A%2F%2Fkampanje.filmweb.no%2Forofilm%,17285,http://cf1.imgobject.com/posters/b99/4bc94eec017a3c57fe022b99/kill-buljo-the-movie-mid.jpg,tt0913401,en,1301417310000,1174604400000,92,,Kill Buljo - The Movie,http://www.youtube.com/watch?v=MGuXf2W0T9k,201
67844,MOVIE,"Beyoncé's sophomore release B'Day is a celebration and a milestone released worldwide on her 25th birthday. To highlight this release, The Beyoncé Experience Live DVD is the full concert performance shot in Los Angleles during her international tour, as one og the world's biggest female entertainers...Beyoncé mesmerizes the audience with hits from her number 1 records.",,18185,http://cf1.imgobject.com/posters/3e3/4bc951de017a3c57fe0243e3/the-beyonce-experience-live-mid.jpg,tt1176411,en,1301907203000,1195513200000,130,,The Beyoncé Experience: Live,http://www.youtube.com/watch?v=1193,54
68597,MOVIE,No overview found.,,18528,http://cf1.imgobject.com/posters/063/4bc95366017a3c57fe025063/18528-mid.jpg,tt0385737,en,1301908399000,1071615600000,109,,Happy Ero Christmas,http://www.youtube.com/watch?v=jszu1X0o8VY,80
71096,MOVIE,This movie is a loose retelling of the story behind the series Revolutionary Girl Utena (Shoujo Kakumei Utena).,,19738,http://cf1.imgobject.com/posters/336/4bc95770017a3c57fe027336/shoujo-kakumei-utena-adolescence-mokushiroku-mid.jpg,tt0243558,en,1300980760000,934581600000,85,,Shoujo Kakumei Utena: Adolescence Mokushiroku,http://www.youtube.com/watch?v=xR_EXs-XKRw,29
71366,MOVIE,"9to5 - Days in Porn focuses on the people behind a controversial and multi-billion dollar industry ""The Adult Entertainment industry"". It depicts their stories, each one different, unadorned and authentic, without glorification or prejudice. It delivers deep insight into their personal lives - from glamorous to grotesque - strange, fascinating, offensive, absurd and sometimes funny moments all at once.",http://www.9to5-themovie.com/,19929,http://cf1.imgobject.com/posters/83f/4bc95813017a3c57fe02783f/9-to-5-days-in-porn-mid.jpg,tt1278293,en,1301905556000,1219528800000,113,,9 to 5: Days in Porn,http://www.youtube.com/watch?v=1969,75
