nodeId:ID,:LABEL,biography,birthday,birthplace,id,lastModified,name,version
432,PERSON,,-142995600000,"Chicago, Illinois, United States",9340,1300090309000,Lana Wachowski,140
433,PERSON,,-63421200000,"Chicago, Illinois, United States Chicago, Illinois, United States",9339,1300090287000,Andy Wachowski,130
490,PERSON,,-395802000000,"Glendale, California",9629,1300090460000,Jon Gries,47
818,PERSON,,-1022720400000,"London, England, UK",1367,1299833898000,Alan Howard,42
1353,PERSON,,-475462800000,"Kōchi, Japan",613,1299870570000,Sumi Shimamoto,35
2325,PERSON,,-2025910800000,"New York, USA",2098,1300013151000,Carleton Young,30
2518,PERSON,,-198205200000,"Glasgow, Scotland",2464,1299851906000,Angus Macfadyen,48
2643,PERSON,,-1682128800000,"Philadelphia, PA, USA",2651,1299493192000,Edward Binns,35
2664,PERSON,,-1884042000000,"Hamburg, Germany",2726,1299492114000,Brigitte Mira,22
2666,PERSON,,-916624800000,"Vienna, Austria",2728,1299494501000,Barbara Valentin,19
2667,PERSON,,-859773600000,"Munich, Germany",2729,1299492049000,Irm Hermann,30
2759,PERSON,,-2698534800000,"County Cork, Ireland",3371,1299495336000,Forrester Harvey,30
3302,PERSON,,-808192800000,"Stockholm, Sweden",3854,1299493003000,Lena Nyman,22
3303,PERSON,,-1354669200000,"Stockholm, Sweden",3855,1299595976000,Per Oscarsson,32
3353,PERSON,,-233024400000,"Montana, USA",4024,1299493461000,Steve Reevis,25
3925,PERSON,,-1749517200000,"Los Angeles, California, USA",4963,1299492695000,Woody Strode,39
4083,PERSON,,-2126826000000,"Dresden, Saxony, Germany",5028,1299493979000,Curt Siodmak,52
4084,PERSON,,-2190070800000,"Dresden, Saxony, Germany",5029,1299757100000,Robert Siodmak,38
4185,PERSON,,-1104109200000,"Great Falls, Montana, USA",2211,1299551354000,Gerald R. Molen,76
4237,PERSON,"Typical of busy character actors, John Fielder has made his face--and voice--recognizable to millions. Many would know the bald-pated Fiedler as therapy patient Mr. Peterson on TV's ""The Bob Newhart Show"" (1972); others might first recognize him for the 1968 movie and spin-off TV series ""The Odd Couple"" (1970) (or perhaps even from the Broadway play that preceded them). Even kids would know that helium-high voice from animated Disney features like Robin Hood (1973), The Fox and the Hound (1981) ",-1417222800000,"Platteville, Wisconsin, USA",5247,1300023957000,John Fiedler,56
4241,PERSON,,-2759187600000,"Philadelphia, PA, USA",5252,1299493857000,Joseph Sweeney,19
4243,PERSON,"Founded Czech avantgarde theatre and film group 'Osvobozene divadlo' with actor Jan Werich in 1927. Affiliated with the Poetist movement (Karel Teige). Made succesfull comedy shows with political themes. Voskovec left Czechoslovakia after the German invasion, 1938/39 and emigrated to the US.",-2036624400000,"Sázava, Bohemia, Austria-Hungary (now Czech Republic)",5254,1299493102000,George Voskovec,26
4629,PERSON,,647042400000,Germany,5847,1299492012000,David Kross,26
5131,PERSON,,-628650000000,"New York City, New York, USA",6938,1299610656000,Randy Brooks,30
5386,PERSON,,-1543626000000,,7317,1299492595000,Peter Sallis,41
5677,PERSON,"A veteran television actress and Broadway star of the 50s, Rue McClanahan was an actress noticed by television executive, Norman Lear. Lear cast her in a number of television shows, including ""All in the Family"" (1971) with 'Carroll OConnor' and ""Maude"" (1972) with Bea Arthur. McClanahan next co-starred with Vicki Lawrence, Ken Berry, Betty White and Carol Burnett in ""Mama's Family"" (1983) for three years, and after it was canceled by NBC, McClanahan was probably best known for her role as the s",-847674000000,,41689,1300091810000,Rue McClanahan,22
5862,PERSON,,-914551200000,Melton Mowbray leichester,10722,1300090406000,Graham Chapman,73
6098,PERSON,,215650800000,"Mount Vernon, Washington, U.S.",9186,1300090486000,Chad Lindberg,37
6237,PERSON,,-2252970000000,"Boston, Massachusetts, USA",9070,1300090642000,Jack Haley Sr.,39
6239,PERSON,,-2116371600000,"Cleveland, Ohio, USA",9072,1300090929000,Margaret Hamilton,57
6250,PERSON,,-2984432400000,"Waterbury, Connecticut, USA",9091,1300091328000,J. Farrell MacDonald,31
6503,PERSON,,-1583542800000,St. Pölten,9894,1300091239000,Bernhard Wicki,27
6549,PERSON,,-2188947600000,"London, England",9926,1300123390000,Roland Culver,39
6809,PERSON,,-2154387600000,"Bromont-Lamothe, Puy-de-Dôme, Auvergne, France",10346,1300091018000,Robert Bresson,68
7075,PERSON,,135471600000,,11090,1300090271000,Edgar Wright,88
7088,PERSON,,-1980810000000,"Leicester, Leicestershire, England",11118,1300091150000,George Pollock,27
7089,PERSON,,-2450134800000,,11127,1300091269000,Margaret Rutherford,37
7231,PERSON,,-1629252000000,,47392,1300093001000,Joan Benham,18
7233,PERSON,,-2575155600000,"Croydon, Surrey, England",47395,1300092899000,Miles Malleson,33
7338,PERSON,,-2647299600000,"Denver, Colorado, USA",34209,1300090476000,Olin Howland,36
7779,PERSON,,-1570928400000,"Cologne, North-Rhine-Westphalia, Germany",12152,1299501711000,Werner Klemperer,20
8380,PERSON,,-2462835600000,"Port Macquarie, Australia",13557,1300091657000,Clyde Cook,19
8503,PERSON,,-2743981200000,"Racine, Wisconsin, USA",13791,1300091433000,Edward Peil Sr.,18
8620,PERSON,,-2650064400000,Russia,14034,1301901919000,Bernard Gorcey,21
8751,PERSON,,-458182800000,"Ogden, Utah, USA",16183,1301925379000,Gedde Watanabe,38
8964,PERSON,,-342147600000,"Toronto, Ontario, Canada",15319,1301901228000,Henry Czerny,50
9275,PERSON,"Luchino Visconti di Modrone, Count of Lonate Pozzolo (2 November 1906 - 17 March 1976) was an Italian theatre, opera and cinema director, as well as a screenwriter. He is best known for his films The Leopard (1963) and Death in Venice (1971).",-1993338000000,"Milan, Lombardy, Italy",15127,1299756174000,Luchino Visconti,63
9860,PERSON,,1304632800000,,16441,1299872635000,Tristán Ulloa,36
10861,PERSON,,-1644022800000,"Little Rock, Arkansas, USA",17663,1301901847000,Dick Hogan,21
10972,PERSON,"American film director and screenwriter David Owen Russell has been praised for the loose, comic energy that characterizes his work, and is notorious for his explosive confrontations with cast members. He has won 2 Independent Spirit Awards for writing and directing as well as the Audience Award at Sundance, and a Writers Guild of America Award.  Russell was awarded Best First Screenplay and Best First Feature from the Independent Spirit Awards for his first work, the independent dark comedy “Sp",-358736400000,"New York City, New York, USA",17883,1301901107000,David O. Russell,71
11397,PERSON,,-1071450000000,"Berlin, Germany",32587,1301901574000,Rainer Brandt,34
11803,PERSON,,-2446074000000,"Brooklyn, New York, USA",29347,1301902163000,Robert Ellis,25
12306,PERSON,,-596250000000,"Burbank, California, USA",19728,1302059466000,Mark Harmon,54
12598,PERSON,,-1366333200000,Tokyo,20025,1301901424000,Shôhei Imamura,61
13737,PERSON,,-2319325200000,"Liverpool, England, UK",21878,1301901781000,Doris Lloyd,35
14157,PERSON,,-2566947600000,"Manchester, England, UK",22605,1301901774000,John Rogers,27
14441,PERSON,,-1947373200000,,23064,1301901753000,Herwart Grosse,21
14597,PERSON,,-1531098000000,,23263,1301902118000,Antje Ruge,20
14777,PERSON,,-191811600000,,23634,1301901488000,Scott Schiaffo,21
14921,PERSON,,525823200000,"Glen Ellyn, Illinois, USA",23891,1301901280000,Ryan Kelley,21
15167,PERSON,"<font face=""arial, tahoma, helvetica, sans-serif""> </font><table width=""100%"" border=""0"" cellspacing=""1"" cellpadding=""1"" style=""font-family: Verdana, Helvetica, sans-serif; -webkit-border-horizontal-spacing: 3px; -webkit-border-vertical-spacing: 3px; ""><tbody><tr style=""font-family: Verdana, Helvetica, sans-serif; font-size: 12px; ""><td style=""font-family: Verdana, Helvetica, sans-serif; font-size: 12px; ""> </td></tr><tr style=""font-family: Verdana, Helvetica, sans-serif; font-size: 12px; ""><td ",-1703293200000,,24379,1302033356000,Bernard Blier,59
16482,PERSON,,-1616634000000,"Illinois, USA",27035,1301901971000,Paul Dubov,28
16560,PERSON,,-2436915600000,"Melbourne, Australia",27164,1301901589000,Frank Baker,20
16635,PERSON,"Educated at St Marylebone Central School.  Began as a professional actor at the Oldham Repertory Theatre in 1954.  Attended RADA.  Performed with the Royal Shakespeare Company.  Performed with the National Theatre.  Performed at the Royal Court Theatre.  Was nominated for Broadway's 1975 Tony Award as Best Supporting or Featured Actor (Dramatic) for ""Sherlock Holmes"".",-1317862800000,"St. Marylebone, London, England, UK",27321,1301901638000,Philip Locke,22
16924,PERSON,,-2494890000000,"London, England, UK",27944,1301901967000,George Merritt,23
16925,PERSON,,-2697325200000,"London, England",27945,1301902168000,J.H. Roberts,27
17740,PERSON,,-2808003600000,"Berlin, Germany",9833,1301901569000,Henrik Galeen,26
17911,PERSON,,-405738000000,"New York City, New York, USA",29383,1301901529000,Luca Bercovici,33
17934,PERSON,,-1102035600000,,29428,1301901522000,Elsa Martinelli,24
18025,PERSON,,-1749690000000,"Chicago, Illinois, USA",4066,1301901264000,Carl Foreman,63
18363,PERSON,,-2220915600000,"Weed, New Mexico, USA",30112,1301901834000,Glenn Strange,24
18393,PERSON,,-2610838800000,"Cincinnati, Ohio, USA",30156,1301901283000,Walter Connolly,29
18397,PERSON,,-2380237200000,"New York City, New York, USA",30160,1301901489000,Charles C. Wilson,23
18420,PERSON,,-2118099600000,"Dallas, Texas, USA",30197,1301901771000,Richard Alexander,23
18425,PERSON,,-3125782800000,"Cincinnati, Ohio, USA",30202,1301901771000,Edward LeSaint,18
18480,PERSON,,-2525389200000,"Marrianna, Arkansas, USA",30279,1301901712000,Minor Watson,35
18789,PERSON,,-594262800000,"Chattanooga, Tennessee, USA",30622,1301902136000,Gwen Welles,19
18892,PERSON,,-2460243600000,"New York City, New York, USA",30833,1301901643000,William Beaudine,23
19406,PERSON,,-1152925200000,"Santa Ana, California, USA ",31896,1301901567000,Brett Halsey,33
20050,PERSON,,-2118963600000,,32919,1301901330000,Anthony Asquith,32
20089,PERSON,,-1589936400000,"New York City, New York, USA",33024,1301901644000,Huntz Hall,24
20239,PERSON,,-2317078800000,"New Haven, Connecticut, USA",11489,1301901489000,William Cameron Menzies,32
20374,PERSON,,90284400000,"Ashern, Manitoba, Canada",33527,1301901241000,Adam Beach,38
20553,PERSON,,-2640301200000,,33856,1301901968000,William Gould,22
20593,PERSON,,-2429485200000,"Brooklyn, New York, USA",33954,1301901574000,Spencer Gordon Bennet,20
20597,PERSON,,-1954458000000,"Fort Worth, Texas, USA",33967,1301901583000,Dennis Moore,20
20599,PERSON,,-2268176400000,"Salt Lake City, Utah, USA",33971,1301901574000,Bud Geary,18
20715,PERSON,,-2049757200000,"Kingston, New York, USA",34286,1301901666000,Chick Chandler,28
20720,PERSON,,-2128899600000,"Brooklyn, New York, USA",34294,1301901857000,Edward Gargan,29
20741,PERSON,,-2851376400000,"Saint Louis, Missouri, USA",34332,1301901621000,Lew Kelly,18
20860,PERSON,,-2760051600000,"Toronto, Ontario, Canada",34508,1301901458000,Edward Earle,23
20996,PERSON,,-2327965200000,"Anderson, Indiana, USA",34751,1301901346000,Ray Enright,21
21140,PERSON,,-2268435600000,"Bolton, Lancashire, England, UK ",35849,1301901290000,Wallace Ford,46
21391,PERSON,,-2162509200000,,121013,1301902784000,Paul Verhoeven,19
23673,PERSON,,-1832202000000,"London, England, UK",39853,1301901466000,Val Guest,66
24272,PERSON,,-1548205200000,,40940,1301901411000,Gerald Thomas,51
24664,PERSON,,-58496400000,"Los Angeles, CA",41995,1301901563000,Steven St. Croix,32
26455,PERSON,,-1937437200000,"Cairo, Egypt",77159,1301901642000,Alexander D'Arcy,24
26867,PERSON,,-18666000000,Osaka,45996,1301901286000,Ryûhei Kitamura,38
27592,PERSON,,-1578877200000,Odense,47151,1301901286000,Ove Sprogøe,55
27687,PERSON,,-2821309200000,,47301,1301901734000,Hans Moser,17
28785,PERSON,,-932868000000,"Munich, Germany",49251,1301902127000,Helga Neuner,17
29202,PERSON,,-1690250400000,"Vienna, Austria-Hungary",50090,1301902303000,Harald Maresch,17
30234,PERSON,,-1253667600000,,51881,1301902023000,Ronald Fraser,26
31058,PERSON,,-635043600000,"Chicago, Illinois, USA",52865,1301901193000,Garry Shandling,39
31691,PERSON,"<P>​Narodil se 3.11. 1910 v Ostroměři u Nové Paky. Absolvoval dvouletou obchodní školu a kurs reklamního kreslení a aranžování. Později pracoval jako kreslíř a návrhář v reklamních ateliérech, několik let (1930-1936) také ve Francii a také u Tomáše Bati ve Zlíně. Aktivní zájem, který projevil o loutkové divadlo již jako student, ho přivedl v roce 1943 do zlínského trikového ateliéru.</P>  <P>První film, který zde realizoval, byl poetický snímek VÁNOČNÍ SEN, který v roce 1946 získal na MFF v Cann",-1867021200000,Ostroměř u Nové Paky,53859,1302021029000,Karel Zeman,40
31718,PERSON,,204332400000,"Fresno, California, USA",53927,1301901675000,Aaron Ruell,23
33210,PERSON,,-950576400000,,121417,1301902388000,Max Phipps,30
33242,PERSON,,-1498266000000,"Roma, Italy",56033,1301901316000,Enzo Barboni,60
34055,PERSON,,-498963600000,,56830,1301901347000,Brigitte Lin,43
34773,PERSON,,-610074000000,,57609,1301901131000,Yuen Wah,62
35289,PERSON,,435798000000,,77866,1301901779000,Alycia Purrott,18
35421,PERSON,"Producer, writer, actor. Born July 2, 1947 in Brooklyn, New York. David attended the University of Maryland and started doing stand-up comedy in New York night clubs in 1974. In 1979, he was hired to write and perform for the comedy variety show Fridays, which was modelled after Saturday Night Live. He stayed with the show until 1982 when he was hired as a writer for Saturday Night Live, where he worked for a year.  In 1989, David received a call from fellow New York comedian Jerry Seinfeld who ",-710128800000,"Brooklyn, NY",16376,1301901225000,Larry David,44
35564,PERSON,"LaBute is of French Canadian, English and Irish ancestry, and was raised in Spokane, Washington. He studied theater at Brigham Young University (BYU), where he joined The Church of Jesus Christ of Latter-day Saints. At BYU he also met actor Aaron Eckhart, who would later play leading roles in several of his films. He produced a number of plays that pushed the envelope of what was acceptable at the conservative religious university, some of which were shut down after their premieres. However, he ",-214275600000,"Detroit, Michigan, USA",58689,1301901284000,Neil LaBute,49
35584,PERSON,,107305200000,"Macon, Georgia, USA",58737,1301904096000,Jack McBrayer,68
36761,PERSON,,-64976400000,Woodlawn,60561,1301901169000,Mo'Nique,52
37042,PERSON,,-2587078800000,"County Meath, Ireland",61101,1301901643000,Matt Moore,20
37093,PERSON,"<font face=""arial, tahoma, helvetica, sans-serif""><span style=""font-size: 12px;"">American actress Alia Martine Shawkat made her acting debut in both film and television in 1999. She landed her first starring role in 2001, playing Hannah Rayburn in the television sitcom State of Grace. She is best known for her role as Maeby Fünke in the Fox series Arrested Development.&nbsp;</span></font> <font face=""arial, tahoma, helvetica, sans-serif""><span style=""font-size: 12px;""> </span></font> <font face=",608853600000,"Riverside, California, USA",61178,1301901774000,Alia Shawkat,32
38398,PERSON,,-444358800000,"La Jolla, San Diego, California, U.S.",63544,1301901495000,Steven Culp,32
38768,PERSON,,-1572829200000,"Perth Amboy, New Jersey, USA",85940,1301901506000,Arthur Franz,30
39251,PERSON,,-31194000000,"Paisley, Scotland, UK ",26069,1301901151000,Paul McGillion,37
43029,PERSON,,-1654653600000,"Glasgow, Scotland",119359,1301902943000,John Chandos,25
43610,PERSON,,-1948410000000,"Nuremberg, Bavaria, Germany",70565,1301901715000,Kurt Neumann,32
52728,PERSON,,62636400000,Moscow,71871,1301901254000,Sergei Bodrov Jr.,41
55742,PERSON,,-2558134800000,"Chislehurst, Kent, England, UK",96064,1301901941000,Paul Cavanagh,36
56172,PERSON,,83545200000,"Copenhagen, Denmark",74752,1301902193000,Nikolaj Arcel,41
56556,PERSON,,-365130000000,"  Minneapolis, Minnesota, United States",21037,1302065009000,Prince,29
57235,PERSON,,-207882000000,"California, USA",124189,1301902992000,Brian Surewood,24
57250,PERSON,,24534000000,"Santiago, Chile",124204,1301903029000,Julian,24
57262,PERSON,,-179370000000,California,124216,1301903074000,Trevor,24
57943,PERSON,,-72147600000,"Nakaniikawa District, Toyama, Japan",81718,1301901420000,Mamoru Hosoda,31
58713,PERSON,,283042800000,"Morrisville, PA",124219,1301902578000,Charles Dera,43
58718,PERSON,,-294195600000,"Camden, New Jersey",124225,1301903080000,David Aaron Clark,17
58903,PERSON,,-1825635600000,,85935,1301902540000,Richard Wattis,28
59158,PERSON,"<span style=""font-family: sans-serif; font-size: 13px; line-height: 19px; ""><b>Kamal Haasan</b>&nbsp;(<a href=""http://en.wikipedia.org/wiki/Tamil_language"" title=""Tamil language"" style=""text-decoration: none; color: rgb(6, 69, 173); background-image: none; background-attachment: initial; background-origin: initial; background-clip: initial; background-color: initial; background-position: initial initial; background-repeat: initial initial; "">Tamil</a>:&nbsp;<span lang=""ta"" xml:lang=""ta"">கமல் ஹாச",-478141200000,"Paramakudi, Tamil Nadu, India",93193,1301901507000,Kamal Hassan,41
59609,PERSON,,-84070800000,"Washington, D.C., U.S.",86267,1301902319000,Ana Gasteyer,25
59911,PERSON,"Jón “Jónsi” Þór Birgisson is the guitarist and vocalist for the Icelandic post-rock band Sigur Rós. He is known for his use of a cello bow on guitar and his falsetto voice. Jónsi is blind in his right eye. He is openly gay, and his boyfriend Alex Somers has done much of the graphic design for Sigur Rós. They also perform together as an art collaboration called Jónsi & Alex. They released their self-titled first book in November 2006, which was an embossed hardcover limited to 1000 copies, along ",167439600000,,123286,1301903069000,Jon Thor Birgisson,18
59914,PERSON,"Orri Páll Dýrason is the drummer for Sigur Rós. He joined the band in 1999, shortly after the recording of the studio album Ágætis byrjun, when the previous drummer, Ágúst Ævar Gunnarsson, left the band.",236818800000,,123295,1301903069000,Orri P. Dyrason,18
59940,PERSON,,-111114000000,"Shanghai, China",109435,1301901597000,Zhiwen Wang,28
60398,PERSON,,449532000000,Thailand,135347,1301903027000,JeeJa Yanin,20
60724,PERSON,,-2189120400000,"Long Beach, California, USA",88230,1301943049000,Robby D.,121
60932,PERSON,,-739159200000,"Vizovice, Československo",30737,1301901472000,Bolek Polívka,28
62510,PERSON,,-1110243600000,,78851,1301901579000,Carolyn Craig,18
62513,PERSON,,-1749690000000,,78855,1301901990000,Julie Mitchum,19
62514,PERSON,,-2674342800000,,78856,1301902174000,Leona Anderson,19
62515,PERSON,,-2403306000000,,78857,1301901689000,Howard Hoffman,18
62528,PERSON,"<meta http-equiv=""content-type"" content=""text/html; charset=utf-8""><span style=""font-family: sans-serif; font-size: 13px; line-height: 19px; "">Shawn Yu Man Lok was born on November 13, 1981. He started out in modeling and made his first movie appearance in an independent film called Leaving Sorrowfully (2001). Yu first gained popularity in Taiwan thanks to his work in the idol TV series Tomorrow, but in Hong Kong he was mainly known for being Candy<a href=""http://wiki.d-addicts.com/Candy_Lo"" tit",374454000000,Hong Kong,78869,1301901181000,Shawn Yue,57
63089,PERSON,,-2465341200000,"San Francisco, California, USA",118203,1301903068000,Frank Fay,18
64291,PERSON,,-2021677200000,"Montrose, Colorado, USA",11993,1301901500000,Dalton Trumbo,52
64543,PERSON,,-1773622800000,"London, England",104300,1301902459000,Rosamund John,19
64544,PERSON,,-1622685600000,"Westcliff-on-Sea, Essex, England",119341,1301902632000,Anne Firth,18
64545,PERSON,,-2255302800000,"Balcombe, Sussex, England",119342,1301902632000,David Horne,18
64546,PERSON,,-1669856400000,"Burton-on-Trent, Staffordshire, England",119343,1301902632000,Rosalyn Boulter,18
64547,PERSON,,-2833664400000,,119344,1301902632000,Herbert Cameron,18
64548,PERSON,,-2448061200000,"London, England",119345,1301902632000,Toni Edgar-Bruce,19
64549,PERSON,,-2493421200000,"Market Giffard, Ivybridge, Devonshire, England",109850,1301902632000,Gordon McLeod,19
64550,PERSON,,-2406070800000,"Woodford, England",119347,1301902632000,George Skillan,18
64553,PERSON,,-1551056400000,"Berlin, Germany",119360,1301902632000,Victor Beaumont,19
64555,PERSON,,-2454109200000,"Trani, Apulia, Italy",119362,1301902632000,Filippo Del Giudice,18
64556,PERSON,,-2540854800000,"Dublin, Ireland",119363,1301902632000,Brefni O'Rorke,20
64557,PERSON,,-1413680400000,England,119364,1301902632000,Gerry Wilmot,18
64730,PERSON,,-2377818000000,"Sacramento, California, USA",95723,1301902561000,Richard Wallace,21
65251,PERSON,,-2558480400000,"Dublin, Ireland",120445,1301903076000,Colin Kenny,18
65560,PERSON,,-2282950800000,"Danville, Illinois, USA",81182,1301901600000,Morris Ankrum,61
66145,PERSON,,1293663600000,Passos,87341,1301902221000,Selton Mello,32
66381,PERSON,,-2395098000000,"Manhattan, New York, USA",81974,1301902133000,Joe Devlin,19
66992,PERSON,,-182307600000,"Boston, Massachusetts, USA",82415,1301901594000,John Pinette,26
67325,PERSON,,-1470877200000,,82461,1301901490000,Seijun Suzuki,29
67341,PERSON,,-2177370000000,"New York City, New York, USA",82491,1301901643000,Lew Landers,27
67737,PERSON,,287708400000,,114728,1301901561000,Leon Bashir,22
68092,PERSON,,-2693264400000,"Chicago, Illinois, USA",95668,1301902719000,Harry Antrim,28
68617,PERSON,,-1200013200000,"Long Beach, California, USA",83804,1301902701000,Kenneth Becker,22
68803,PERSON,,219625200000,"Toronto, Ontario, Canada",73204,1301902176000,Kate Hewlett,22
68860,PERSON,,-1134262800000,"San Francisco, California, USA",19138,1301901946000,Bill Bixby,25
68906,PERSON,,-2159485200000,"Island Pond, Vermont, USA",83452,1301902146000,Rudy Vallee,34
68944,PERSON,,-1922058000000,,92908,1301902419000,Robert Coote,32
69563,PERSON,"Mother of actor Aran Bell, who was born prematurely, weighing just 3lb 13oz. Her pregnancy prevented her from taking the lead part with her real-life husband Tom Bell in a BBC television play, Cottage For Sale.",60735600000,"Bolton, Lancashire, England, UK ",100098,1301902313000,Lois Daine,18
69574,PERSON,,-1815267600000,"Chicago, Illinois, USA",105462,1301902356000,Geraldine Wall,24
69836,PERSON,,-1303693200000,"New York City, New York, USA",101747,1301902996000,Edward Walsh,21
