:START_ID,:END_ID,:TYPE,comment,stars
44148,448,RATED,Don't believe what everyone says. The second movie in the series is AS AMAZING AS THE FIRST!,5
44148,431,RATED,Amazing movie,5
48448,71017,RATED,tertetre,4
48449,461,RATED,Ótimo filme!,5
48455,431,RATED,Great movie!!,5
48461,66267,RATED,Mind-bending !,4
48463,6834,RATED,Nice....,4
48463,431,RATED,Awesome !!,4
49553,5892,RATED,Cooooool!!!!,4
49553,4546,RATED,Grrrreaaaat!!!,4
49556,1039,RATED,This is simply my favourite film,5
49558,7317,RATED,One of the best movies ever made!,5
49559,65156,RATED,rtewtrwe,4
50649,431,RATED,A hell of an movie!,5
50649,522,RATED,"Run Forrest, Run!",5
50649,5406,RATED,I'll be back!,5
50650,431,RATED,sweet ghtgjghjghjhg,4
50716,431,RATED,"Great, but I wanted more depth!",4
50718,431,RATED,The best movie ever!,5
51913,11696,RATED,good,4
51914,35264,RATED,great movie,5
51915,67843,RATED,es una película interesante con altibajos en la trama general,3
71541,1636,RATED,Great movie!,5
71542,1073,RATED,:),5
